01;9254;ISD NO. 1 AITKIN;;;;;;;0001
02;0705;CIRCLE PINES P-1;6;36A;03;10;4005;11494;
02;0710;CIRCLE PINES P-2;6;36A;03;10;4005;11494;
02;2205;LINO LAKES P-1;6;36A;03;10;4005;37322;
02;2210;LINO LAKES P-2;6;36A;03;10;4005;37322;
02;2215;LINO LAKES P-3;6;36A;03;10;4005;37322;
02;2220;LINO LAKES P-4;6;36A;03;10;4005;37322;
02;2225;LINO LAKES P-5;6;36A;03;10;4005;37322;
02;2230;LINO LAKES P-6;6;36A;03;10;4005;37322;
02;2235;LINO LAKES P-7;6;36A;03;10;4005;37322;
02;8033;ISD 15 P2 OAK GROVE CITY HALL;;;;;;;0015
02;8034;ISD 15 P3 EAST BETHEL SR CENTER;;;;;;;0015
02;8040;ISD 14 P1 FRIDLEY COMMUNITY CENTER;;;;;;;0014
02;8042;ISD 16 P2 NTL. SPORTS CTR - THE WELCOME CTR;;;;;;;0016
02;8043;ISD 16 P1 GRACE EVANGELICAL FREE CHURCH;;;;;;;0016
02;8044;ISD 15 P1 CENTRAL SERVICES CENTER;;;;;;;0015
02;9369;ISD 11 SB3 P5 - COON RAPIDS ICE CENTER;;;;;;;0011
02;9371;ISD 11 SB4 P1 - OAK HAVEN CHURCH;;;;;;;0011
02;9372;ISD 11 SB4 P2 - RADISSON ROAD CHURCH;;;;;;;0011
02;9373;ISD 11 SB4 P3 - CROSS OF HOPE LUTHERAN CHURCH;;;;;;;0011
02;9374;ISD 11 SB4 P4 - TRANSFORM CHURCH;;;;;;;0011
02;9375;ISD 11 SB4 P5 - BUNKER HILLS ACTIVITY CENTER;;;;;;;0011
02;9379;ISD 11 SB6 P1 - RIVERDALE ASSEMBLY OF GOD;;;;;;;0011
02;9380;ISD 11 SB6 P2 - MISION CRISTIANA BETHEL;;;;;;;0011
02;9381;ISD 11 SB6 P3 - ANOKA COUNTY SHERIFF'S OFFICE;;;;;;;0011
02;9382;ISD 11 SB6 P4 - PEACE LUTHERAN CHURCH;;;;;;;0011
03;8079;ISD 2889 - AUDUBON CITY HALL;;;;;;;2889
03;8993;ISD 2889 - LAKE PARK COMMUNITY CENTER;;;;;;;2889
05;0055;MINDEN TWP P-1;6;14B;05;07;2009;42434;0742
05;0056;MINDEN TWP P-2;6;13B;04;07;2009;42434;0742
05;0070;ST CLOUD W2 P1;6;14B;05;07;2009;56896;0742
05;0080;ST CLOUD W2 P3;6;14B;05;07;2009;56896;0742
05;0085;ST CLOUD W2 P4;6;14B;05;07;2009;56896;0742
05;0115;SAUK RAPIDS TWP;6;13B;04;07;2009;58702;0742
06;8907;ISD NO. 2888 CLINTON-GRACEVILLE-BEARDSLEY;;;;;;;2888
10;8170;ISD 110 NEW GERMANY COMBINED;;;;;;;0110
10;8171;ISD 110 WACONIA ICE ARENA COMBINED;;;;;;;0110
10;8665;ISD 112 - VICTORIA RECREATION CENTER;;;;;;;0112
10;8666;ISD 112 - CARVER CITY HALL;;;;;;;0112
10;8667;ISD 112 CHANHASSEN REC CENTER;;;;;;;0112
10;8668;ISD 112 - CHASKA EVENT CENTER;;;;;;;0112
11;8096;ISD# 113 HACKENSACK COMMUNITY CENTER;;;;;;;0113
11;9159;ISD# 113  WALKER LIBRARY;;;;;;;0113
14;8682;ISD 152 - P3 BETHESDA LUTHERAN CHURCH;;;;;;;0152
14;9162;ISD 2164 - FELTON COMMUNITY CENTER;;;;;;;2164
14;9163;ISD 2164 - DILWORTH LUTHERAN CHURCH;;;;;;;2164
14;9624;ISD 152 - GOOD SHEPARD LUTHERAN MHD PRECINCTS 7, 1;;;;;;;0152
14;9625;ISD 152 CULLEN HOCKEY ARENA MHD PRECINCTS 3-6, GLY;;;;;;;0152
14;9680;ISD 152- DILWORTH LUTHERAN CHURCH;;;;;;;0152
14;9771;SD 152 ST FRANCIS DE SALES;;;;;;;0152
14;9780;SD 2164 GLYNDON COMMUNITY CENTER;;;;;;;2164
15;8890;ISD NO. 2311 CLEARBROOK-GONVICK;;;;;;;2311
16;9623;ISD NO. 166 COOK COUNTY;;;;;;;0166
17;8808;ISD NO. 173 MOUNTAIN LAKE;;;;;;;0173
18;9071;ISD 182 CROSBY CITY HALL;;;;;;;0182
18;9072;ISD 182 - DEERWOOD TOWN HALL;;;;;;;0182
18;9073;ISD 182 EMILY CITY HALL;;;;;;;0182
18;9074;ISD 182 MISSION TOWN HALL;;;;;;;0182
19;8054;ISD 192 CP1 RAMBLING RIVER CENTER;;;;;;;0192
19;8055;ISD 192 CP2 FARMINGTON LUTHERAN CHURCH;;;;;;;0192
19;8056;ISD 192 CP3 NORTH TRAIL ELEMENTARY SCHOOL;;;;;;;0192
19;8057;ISD 192 CP4 CHURCH OF ST. MICHAEL;;;;;;;0192
19;8244;ISD 196 CP1 BEREAN BAPTIST CHURCH;;;;;;;0196
19;8245;ISD 196 CP2 LORD OF LIFE LUTHERAN CHURCH;;;;;;;0196
19;8246;ISD 196 CP3 APPLE VALLEY SENIOR CENTER;;;;;;;0196
19;8247;ISD 196 CP10 ST THOMAS BECKET CHURCH;;;;;;;0196
19;8248;ISD 196 CP11 WESCOTT LIBRARY;;;;;;;0196
19;8249;ISD 196 CP12 EAGAN CIVIC ARENA;;;;;;;0196
19;8250;ISD 196 CP13 CHRIST LUTHERAN CHURCH;;;;;;;0196
19;8251;ISD 196 CP14 CHAPEL HILL CHURCH;;;;;;;0196
19;9125;ISD 196 CP4 BETHEL'S ROCK CHURCH;;;;;;;0196
19;9126;ISD 196 CP5 APPLE VALLEY MUNICIPAL CENTER;;;;;;;0196
19;9127;ISD 196 CP6 ISD 196 DISTRICT SERVICE CENTER;;;;;;;0196
19;9128;ISD 196 CP7 SHEPHERD OF THE VALLEY LUTHERAN CHURCH;;;;;;;0196
19;9129;ISD 196 CP8 ROSEMOUNT COMMUNITY CENTER;;;;;;;0196
19;9130;ISD 196 CP9 HOSANNA CHURCH ROSEMOUNT;;;;;;;0196
19;9441;ISD 194 P17 EUREKA TOWN HALL;;;;;;;0194
19;9599;ISD 194 P1 HERITAGE CENTER;;;;;;;0194
19;9600;ISD 194 P2 ST. JOHN'S LUTHERAN CHURCH;;;;;;;0194
19;9601;ISD 194 P3 LAKEVILLE SOUTH HIGH SCHOOL;;;;;;;0194
19;9602;ISD 194 P4 LAKEVILLE SOUTH HIGH SCHOOL;;;;;;;0194
19;9603;ISD 194 P5 KENWOOD TRAIL MIDDLE SCHOOL;;;;;;;0194
19;9604;ISD 194 P6 NORTHCROSS LUTHERAN CHURCH;;;;;;;0194
19;9605;ISD 194 P7 ORCHARD LAKE ELEMENTARY;;;;;;;0194
19;9606;ISD 194 P8 HOSANNA! LUTHERAN CHURCH;;;;;;;0194
19;9607;ISD 194 P9 CHURCH OF JESUS CHRIST LDS;;;;;;;0194
19;9607;ISD 200 CP-1 HOPE LUTHERAN CHURCH;;;;;;;0200
19;9608;ISD 194 P10 LAKEVILLE WATER TREATMENT FACILITY;;;;;;;0194
19;9609;ISD 194 P11 MESSIAH LUTHERAN CHURCH;;;;;;;0194
19;9609;ISD 200 CP-2 OUR SAVIOUR'S LUTHERAN CHURCH;;;;;;;0200
19;9610;ISD 194 P12 OAK HILLS ELEMENTARY;;;;;;;0194
19;9611;ISD 194 P13 CHERRY VIEW ELEMENTARY SCHOOL;;;;;;;0194
19;9611;ISD 200 CP-3 UNITED METHODIST CHURCH;;;;;;;0200
19;9612;ISD 200 CP-4 ST. PHILIP'S LUTHERAN CHURCH;;;;;;;0200
19;9614;ISD 194 P16 BUCK HILL SKI RESORT;;;;;;;0194
19;9615;ISD 194 P14 EMMANUEL CHRISTIAN CENTER;;;;;;;0194
19;9616;ISD 194 P15 GRACE UNITED METHODIST CHURCH;;;;;;;0194
19;9625;CP-5 ST JOHN'S LUTHERAN CHURCH;;;;;;;0200
20;8586;ISD NO. 204 KASSON-MANTORVILLE;;;;;;;0204
20;8738;ISD NO. 2125 TRITON;;;;;;;2125
21;8011;ISD 206 ALEXANDRIA - PRECINCT 1 - DOUGLAS;;;;;;;0206
21;9006;ISD 206 ALEXANDRIA - PRECINCT 2 - DOUGLAS;;;;;;;0206
21;9007;ISD 206 ALEXANDRIA - PRECINCT 3 - DOUGLAS;;;;;;;0206
21;9008;SID 206 ALEXANDRIA - PRECINCT 4 - DOUGLAS;;;;;;;0206
21;9009;ISD 206 ALEXANDRIA - PRECINCT 5 - DOUGLAS;;;;;;;0206
21;9010;ISD 206 ALEXANDRIA - PRECINCT 6 - DOUGLAS;;;;;;;0206
21;9011;ISD 206 ALEXANDRIA - PRECINCT 7 - DOUGLAS;;;;;;;0206
21;9012;ISD 206 ALEXANDRIA - PRECINCT 8 - DOUGLAS;;;;;;;0206
21;9013;ISD 206 ALEXANDRIA - PRECINCT 9 - DOUGLAS;;;;;;;0206
21;9014;ISD 206 ALEXANDRIA - PRECINCT 10 - DOUGLAS;;;;;;;0206
21;9015;ISD 206 ALEXANDRIA - PRECINCT 11 - DOUGLAS;;;;;;;0206
21;9017;206 ALEXANDRIA - PRECINCT 12;;;;;;;0206
23;0155;RUSHFORD;1;26B;02;03;7042;56284;
23;8758;FILLMORE CENTRAL ISD#2198;;;;;;;2198
23;8759;ISD 2198 HARMONY COMMUNITY CENTER;;;;;;;2198
25;8733;ISD NO. 252 CANNON FALLS;;;;;;;0252
25;9694;ISD NO. 253 GOODHUE;;;;;;;0253
26;9250;ISD 2342 ELBOW LAKE COMMUNITY BUILDING;;;;;;;2342
26;9252;ISD 2342 KENSINGTON COMMUNITY CENTER;;;;;;;2342
27;0005;BLOOMINGTON W-1 P-01;3;51B;05;04;;06616;
27;0010;BLOOMINGTON W-1 P-02;3;51B;05;04;;06616;
27;0015;BLOOMINGTON W-1 P-03;3;51B;05;04;;06616;
27;0020;BLOOMINGTON W-1 P-04;3;51B;05;04;;06616;
27;0025;BLOOMINGTON W-1 P-05;3;51B;05;04;;06616;
27;0030;BLOOMINGTON W-1 P-06;3;50B;05;04;;06616;
27;0035;BLOOMINGTON W-1 P-07;3;50B;05;04;;06616;
27;0040;BLOOMINGTON W-2 P-08;3;50B;05;04;;06616;
27;0045;BLOOMINGTON W-2 P-09;3;50B;05;04;;06616;
27;0050;BLOOMINGTON W-2 P-10;3;50B;05;04;;06616;
27;0055;BLOOMINGTON W-2 P-11;3;50B;05;04;;06616;
27;0060;BLOOMINGTON W-2 P-12;3;50B;05;04;;06616;
27;0065;BLOOMINGTON W-2 P-13;3;50B;05;04;;06616;
27;0070;BLOOMINGTON W-2 P-14;3;50B;05;04;;06616;
27;0075;BLOOMINGTON W-2 P-15;3;50B;05;04;;06616;
27;0080;BLOOMINGTON W-3 P-16;3;50B;05;04;;06616;
27;0085;BLOOMINGTON W-3 P-17;3;50B;05;04;;06616;
27;0090;BLOOMINGTON W-3 P-18;3;50A;05;04;;06616;
27;0095;BLOOMINGTON W-3 P-19;3;50B;05;04;;06616;
27;0100;BLOOMINGTON W-3 P-20;3;50B;05;04;;06616;
27;0105;BLOOMINGTON W-3 P-21;3;50B;05;04;;06616;
27;0110;BLOOMINGTON W-3 P-22;3;50A;05;04;;06616;
27;0115;BLOOMINGTON W-3 P-23;3;51B;05;04;;06616;
27;0120;BLOOMINGTON W-3 P-24;3;51B;05;04;;06616;
27;0125;BLOOMINGTON W-4 P-25;3;51B;05;04;;06616;
27;0130;BLOOMINGTON W-4 P-26;3;51B;05;04;;06616;
27;0135;BLOOMINGTON W-4 P-27;3;51B;05;04;;06616;
27;0140;BLOOMINGTON W-4 P-28;3;51B;05;04;;06616;
27;0145;BLOOMINGTON W-4 P-29;3;51B;05;04;;06616;
27;0150;BLOOMINGTON W-4 P-30;3;51B;05;04;;06616;
27;0985;GOLDEN VALLEY P-1;5;43B;02;04;;24308;
27;0990;GOLDEN VALLEY P-2;5;43B;02;04;;24308;
27;1000;GOLDEN VALLEY P-3;5;43B;02;04;;24308;
27;1005;GOLDEN VALLEY P-4;5;43B;02;04;;24308;
27;1010;GOLDEN VALLEY P-5;5;43B;02;04;;24308;
27;1015;GOLDEN VALLEY P-6;5;43B;02;04;;24308;
27;1020;GOLDEN VALLEY P-7;5;43B;02;04;;24308;
27;1025;GOLDEN VALLEY P-8;5;43B;02;04;;24308;
27;1110;HOPKINS P-01;3;46B;06;04;;30140;
27;1115;HOPKINS P-02;3;46B;06;04;;30140;
27;1120;HOPKINS P-03;3;46B;06;04;;30140;
27;1125;HOPKINS P-04;3;46B;06;04;;30140;
27;1130;HOPKINS P-05;3;46B;06;04;;30140;
27;1360;MINNEAPOLIS W-1 P-01;5;60A;02;04;;43000;
27;1365;MINNEAPOLIS W-1 P-02;5;60A;02;04;;43000;
27;1370;MINNEAPOLIS W-1 P-03;5;60A;02;04;;43000;
27;1375;MINNEAPOLIS W-1 P-04;5;60A;02;04;;43000;
27;1380;MINNEAPOLIS W-1 P-05;5;60A;02;04;;43000;
27;1385;MINNEAPOLIS W-1 P-06;5;60A;02;04;;43000;
27;1390;MINNEAPOLIS W-1 P-07;5;60A;02;04;;43000;
27;1395;MINNEAPOLIS W-1 P-08;5;60A;02;04;;43000;
27;1400;MINNEAPOLIS W-1 P-09;5;60A;02;04;;43000;
27;1405;MINNEAPOLIS W-1 P-10;5;60A;02;04;;43000;
27;1410;MINNEAPOLIS W-1 P-11;5;60A;04;04;;43000;
27;1415;MINNEAPOLIS W-2 P-01;5;60B;04;04;;43000;
27;1420;MINNEAPOLIS W-2 P-02;5;60B;04;04;;43000;
27;1425;MINNEAPOLIS W-2 P-03;5;60B;04;04;;43000;
27;1430;MINNEAPOLIS W-2 P-04;5;60B;04;04;;43000;
27;1435;MINNEAPOLIS W-2 P-05;5;60B;04;04;;43000;
27;1440;MINNEAPOLIS W-2 P-06;5;60B;04;04;;43000;
27;1445;MINNEAPOLIS W-2 P-07;5;60B;04;04;;43000;
27;1450;MINNEAPOLIS W-2 P-08;5;63A;04;04;;43000;
27;1455;MINNEAPOLIS W-2 P-09;5;63A;04;04;;43000;
27;1460;MINNEAPOLIS W-3 P-01;5;60A;02;04;;43000;
27;1465;MINNEAPOLIS W-3 P-02;5;60A;02;04;;43000;
27;1470;MINNEAPOLIS W-3 P-03;5;60A;02;04;;43000;
27;1475;MINNEAPOLIS W-3 P-04;5;60A;04;04;;43000;
27;1480;MINNEAPOLIS W-3 P-05;5;59B;02;04;;43000;
27;1485;MINNEAPOLIS W-3 P-06;5;59B;02;04;;43000;
27;1490;MINNEAPOLIS W-3 P-07;5;59B;04;04;;43000;
27;1495;MINNEAPOLIS W-3 P-08;5;60B;04;04;;43000;
27;1500;MINNEAPOLIS W-3 P-09;5;60B;04;04;;43000;
27;1505;MINNEAPOLIS W-3 P-10;5;59B;03;04;;43000;
27;1510;MINNEAPOLIS W-3 P-11;5;59B;03;04;;43000;
27;1515;MINNEAPOLIS W-3 P-12;5;59B;03;04;;43000;
27;1520;MINNEAPOLIS W-4 P-01;5;59A;02;04;;43000;
27;1525;MINNEAPOLIS W-4 P-02;5;59A;02;04;;43000;
27;1530;MINNEAPOLIS W-4 P-03;5;59A;02;04;;43000;
27;1535;MINNEAPOLIS W-4 P-04;5;59A;02;04;;43000;
27;1540;MINNEAPOLIS W-4 P-05;5;59A;02;04;;43000;
27;1545;MINNEAPOLIS W-4 P-06;5;59A;02;04;;43000;
27;1550;MINNEAPOLIS W-4 P-07;5;59A;02;04;;43000;
27;1555;MINNEAPOLIS W-4 P-08;5;59A;02;04;;43000;
27;1560;MINNEAPOLIS W-4 P-09;5;59B;02;04;;43000;
27;1565;MINNEAPOLIS W-5 P-01;5;59A;02;04;;43000;
27;1570;MINNEAPOLIS W-5 P-02;5;59B;02;04;;43000;
27;1575;MINNEAPOLIS W-5 P-03;5;59A;02;04;;43000;
27;1580;MINNEAPOLIS W-5 P-04;5;59B;02;04;;43000;
27;1585;MINNEAPOLIS W-5 P-05;5;59B;02;04;;43000;
27;1590;MINNEAPOLIS W-5 P-06;5;59B;02;04;;43000;
27;1595;MINNEAPOLIS W-5 P-07;5;59B;02;04;;43000;
27;1600;MINNEAPOLIS W-5 P-08;5;59B;02;04;;43000;
27;1605;MINNEAPOLIS W-5 P-09;5;61A;02;04;;43000;
27;1610;MINNEAPOLIS W-6 P-01;5;61A;04;04;;43000;
27;1615;MINNEAPOLIS W-6 P-02;5;61A;04;04;;43000;
27;1620;MINNEAPOLIS W-6 P-03;5;60B;04;04;;43000;
27;1625;MINNEAPOLIS W-6 P-04;5;62A;03;04;;43000;
27;1630;MINNEAPOLIS W-6 P-05;5;62A;04;04;;43000;
27;1635;MINNEAPOLIS W-6 P-06;5;62A;04;04;;43000;
27;1640;MINNEAPOLIS W-6 P-07;5;62B;04;04;;43000;
27;1645;MINNEAPOLIS W-6 P-08;5;63A;04;04;;43000;
27;1650;MINNEAPOLIS W-6 P-09;5;63A;04;04;;43000;
27;1655;MINNEAPOLIS W-7 P-01;5;61A;03;04;;43000;
27;1660;MINNEAPOLIS W-7 P-02;5;61A;03;04;;43000;
27;1665;MINNEAPOLIS W-7 P-03;5;61A;03;04;;43000;
27;1670;MINNEAPOLIS W-7 P-04;5;61A;03;04;;43000;
27;1675;MINNEAPOLIS W-7 P-05;5;61A;03;04;;43000;
27;1680;MINNEAPOLIS W-7 P-06;5;61A;03;04;;43000;
27;1685;MINNEAPOLIS W-7 P-07;5;61A;03;04;;43000;
27;1690;MINNEAPOLIS W-7 P-08;5;61A;03;04;;43000;
27;1695;MINNEAPOLIS W-7 P-09;5;61A;03;04;;43000;
27;1700;MINNEAPOLIS W-7 P-10;5;62A;03;04;;43000;
27;1705;MINNEAPOLIS W-7 P-11;5;59B;03;04;;43000;
27;1710;MINNEAPOLIS W-7 P-12;5;61B;03;04;;43000;
27;1715;MINNEAPOLIS W-8 P-01;5;62A;03;04;;43000;
27;1720;MINNEAPOLIS W-8 P-02;5;62A;03;04;;43000;
27;1725;MINNEAPOLIS W-8 P-03;5;62A;03;04;;43000;
27;1730;MINNEAPOLIS W-8 P-04;5;62B;03;04;;43000;
27;1735;MINNEAPOLIS W-8 P-05;5;62A;04;04;;43000;
27;1740;MINNEAPOLIS W-8 P-06;5;62B;04;04;;43000;
27;1745;MINNEAPOLIS W-8 P-07;5;62B;04;04;;43000;
27;1750;MINNEAPOLIS W-8 P-08;5;62B;04;04;;43000;
27;1755;MINNEAPOLIS W-8 P-09;5;63B;04;04;;43000;
27;1760;MINNEAPOLIS W-8 P-10;5;62B;04;04;;43000;
27;1765;MINNEAPOLIS W-8 P-11;5;62B;04;04;;43000;
27;1770;MINNEAPOLIS W-9 P-01;5;62A;04;04;;43000;
27;1775;MINNEAPOLIS W-9 P-02;5;62B;04;04;;43000;
27;1780;MINNEAPOLIS W-9 P-03;5;62B;04;04;;43000;
27;1785;MINNEAPOLIS W-9 P-04;5;62B;04;04;;43000;
27;1790;MINNEAPOLIS W-9 P-05;5;62B;04;04;;43000;
27;1795;MINNEAPOLIS W-9 P-06;5;63A;04;04;;43000;
27;1800;MINNEAPOLIS W-9 P-07;5;62B;04;04;;43000;
27;1805;MINNEAPOLIS W-9 P-08;5;63A;04;04;;43000;
27;1810;MINNEAPOLIS W-9 P-09;5;63A;04;04;;43000;
27;1815;MINNEAPOLIS W-10 P-01;5;61A;03;04;;43000;
27;1820;MINNEAPOLIS W-10 P-02;5;61B;03;04;;43000;
27;1825;MINNEAPOLIS W-10 P-03;5;61B;03;04;;43000;
27;1830;MINNEAPOLIS W-10 P-04;5;61B;03;04;;43000;
27;1835;MINNEAPOLIS W-10 P-05;5;61B;03;04;;43000;
27;1840;MINNEAPOLIS W-10 P-06;5;62A;03;04;;43000;
27;1845;MINNEAPOLIS W-10 P-07;5;62A;03;04;;43000;
27;1850;MINNEAPOLIS W-10 P-08;5;62A;03;04;;43000;
27;1855;MINNEAPOLIS W-10 P-09;5;62A;03;04;;43000;
27;1860;MINNEAPOLIS W-11 P-01;5;63B;03;04;;43000;
27;1865;MINNEAPOLIS W-11 P-02;5;63B;03;04;;43000;
27;1870;MINNEAPOLIS W-11 P-03;5;63B;03;04;;43000;
27;1875;MINNEAPOLIS W-11 P-04;5;63B;03;04;;43000;
27;1880;MINNEAPOLIS W-11 P-05;5;63B;03;04;;43000;
27;1885;MINNEAPOLIS W-11 P-06;5;62B;04;04;;43000;
27;1890;MINNEAPOLIS W-11 P-07;5;63B;04;04;;43000;
27;1895;MINNEAPOLIS W-11 P-08;5;63B;04;04;;43000;
27;1900;MINNEAPOLIS W-11 P-09;5;63B;04;04;;43000;
27;1905;MINNEAPOLIS W-11 P-10;5;63B;04;04;;43000;
27;1910;MINNEAPOLIS W-11 P-11;5;63B;04;04;;43000;
27;1915;MINNEAPOLIS W-11 P-12;5;51A;04;04;;43000;
27;1920;MINNEAPOLIS W-12 P-01;5;63A;04;04;;43000;
27;1925;MINNEAPOLIS W-12 P-02;5;63A;04;04;;43000;
27;1930;MINNEAPOLIS W-12 P-03;5;63A;04;04;;43000;
27;1935;MINNEAPOLIS W-12 P-04;5;63A;04;04;;43000;
27;1940;MINNEAPOLIS W-12 P-05;5;63A;04;04;;43000;
27;1945;MINNEAPOLIS W-12 P-06;5;63A;04;04;;43000;
27;1950;MINNEAPOLIS W-12 P-07;5;63A;04;04;;43000;
27;1955;MINNEAPOLIS W-12 P-08;5;63B;04;04;;43000;
27;1960;MINNEAPOLIS W-12 P-09;5;63A;04;04;;43000;
27;1965;MINNEAPOLIS W-12 P-10;5;63B;04;04;;43000;
27;1970;MINNEAPOLIS W-12 P-11;5;63B;04;04;;43000;
27;1975;MINNEAPOLIS W-12 P-12;5;51A;04;04;;43000;
27;1980;MINNEAPOLIS W-13 P-01;5;61B;03;04;;43000;
27;1985;MINNEAPOLIS W-13 P-02;5;61B;03;04;;43000;
27;1990;MINNEAPOLIS W-13 P-03;5;61B;03;04;;43000;
27;1995;MINNEAPOLIS W-13 P-04;5;61B;03;04;;43000;
27;2000;MINNEAPOLIS W-13 P-05;5;61B;03;04;;43000;
27;2005;MINNEAPOLIS W-13 P-06;5;61B;03;04;;43000;
27;2010;MINNEAPOLIS W-13 P-07;5;61B;05;04;;43000;
27;2015;MINNEAPOLIS W-13 P-08;5;63B;05;04;;43000;
27;2020;MINNEAPOLIS W-13 P-09;5;63B;03;04;;43000;
27;2025;MINNEAPOLIS W-13 P-10;5;61B;03;04;;43000;
27;2030;MINNEAPOLIS W-13 P-11;5;61B;03;04;;43000;
27;2035;MINNEAPOLIS W-13 P-12;5;61B;03;04;;43000;
27;2040;MINNEAPOLIS W-13 P-13;5;61B;03;04;;43000;
27;2090;MINNETONKA W-1 P-A;3;49A;06;04;;43252;
27;2095;MINNETONKA W-1 P-B;3;49A;06;04;;43252;
27;2100;MINNETONKA W-1 P-C;3;49A;06;04;;43252;
27;2105;MINNETONKA W-1 P-D;3;49A;06;04;;43252;
27;2110;MINNETONKA W-1 P-E;3;45B;06;04;;43252;
27;2115;MINNETONKA W-1 P-F;3;45B;06;04;;43252;
27;2120;MINNETONKA W-2 P-A;3;45B;06;04;;43252;
27;2125;MINNETONKA W-2 P-B;3;45B;06;04;;43252;
27;2130;MINNETONKA W-2 P-C;3;45B;06;04;;43252;
27;2135;MINNETONKA W-2 P-D;3;45B;06;04;;43252;
27;2140;MINNETONKA W-2 P-E;3;45B;06;04;;43252;
27;2145;MINNETONKA W-3 P-A;3;45B;06;04;;43252;
27;2150;MINNETONKA W-3 P-B;3;45B;06;04;;43252;
27;2155;MINNETONKA W-3 P-C;3;45B;06;04;;43252;
27;2160;MINNETONKA W-3 P-D;3;45B;06;04;;43252;
27;2165;MINNETONKA W-3 P-E;3;45B;06;04;;43252;
27;2185;MINNETONKA W-4 P-A;3;45B;06;04;;43252;
27;2190;MINNETONKA W-4 P-B;3;49A;06;04;;43252;
27;2195;MINNETONKA W-4 P-C;3;49A;06;04;;43252;
27;2200;MINNETONKA W-4 P-D;3;49A;06;04;;43252;
27;2205;MINNETONKA W-4 P-E;3;49A;06;04;;43252;
27;2695;ROCKFORD P-01;6;29A;07;04;;55006;
27;2765;ST ANTHONY P-01;5;39B;02;04;;56680;
27;2770;ST ANTHONY P-02;5;39B;02;04;;56680;
27;2790;ST LOUIS PARK W-1 P-01;5;46A;03;04;;57220;
27;2795;ST LOUIS PARK W-1 P-02;5;46A;03;04;;57220;
27;2800;ST LOUIS PARK W-1 P-03;5;46A;03;04;;57220;
27;2810;ST LOUIS PARK W-2 P-04;5;46A;03;04;;57220;
27;2815;ST LOUIS PARK W-2 P-05;5;46B;03;04;;57220;
27;2820;ST LOUIS PARK W-2 P-06;5;46B;03;04;;57220;
27;2830;ST LOUIS PARK W-3 P-07;5;46A;03;04;;57220;
27;2835;ST LOUIS PARK W-3 P-08;5;46A;03;04;;57220;
27;2840;ST LOUIS PARK W-3 P-09;5;46A;03;04;;57220;
27;2850;ST LOUIS PARK W-4 P-10;5;46A;03;04;;57220;
27;2855;ST LOUIS PARK W-4 P-11;5;46A;03;04;;57220;
27;2860;ST LOUIS PARK W-4 P-12;5;46A;03;04;;57220;
27;8169;ISD 110 - ST BONIFACIUS CITY HALL;;;;;;;0110
27;8182;ISD 11 SB3 P1 - DAYTON PUBLIC WORKS;;;;;;;0011
27;8183;ISD 11 SB3 P2 - SERVANT OF CHRIST LUTH CHURCH;;;;;;;0011
27;8266;ISD 280 - MOUNT CALVARY CHURCH ED BLDG;;;;;;;0280
27;8267;ISD 280 - ST PETERS CATHOLIC CHURCH;;;;;;;0280
27;8268;ISD 280 - CHURCH OF PEACE;;;;;;;0280
27;8269;ISD 280 - ST RICHARDS CATHOLIC CHURCH;;;;;;;0280
27;8270;ISD 280 - WOODLAKE LUTHERAN CHURCH;;;;;;;0280
27;8271;ISD 280 - RICHFIELD CITY HALL;;;;;;;0280
27;8272;ISD 280 - RICHFIELD COMMUNITY CENTER;;;;;;;0280
27;8273;ISD 280 - VETERANS PARK INDOOR SHELTER;;;;;;;0280
27;8274;ISD 280 - CHURCH OF THE ASSUMPTION;;;;;;;0280
27;8275;ISD 280 â€“ BETHEL'S ROCK CHURCH;;;;;;;0280
27;8309;ISD 284 - WAYZATA CITY HALL;;;;;;;0284
27;8310;ISD 284 - WAYZATA PUBLIC SCHOOLS - CREEKSIDE BLDG;;;;;;;0284
27;8311;ISD 284 - FOURTH BAPTIST CHURCH;;;;;;;0284
27;8312;ISD 284 - HAMEL COMMUNITY CENTER;;;;;;;0284
27;8313;ISD 284 - PLYMOUTH CREEK CENTER;;;;;;;0284
27;8319;ISD 277 - ST JOHN'S LUTHERAN CHURCH;;;;;;;0277
27;8345;ISD 270 - SHEPHERD OF HILLS LUTHERAN CHURCH;;;;;;;0270
27;8350;ISD 276 - DEEPHAVEN CITY HALL;;;;;;;0276
27;8352;ISD 276 - EXCELSIOR COVENANT CHURCH;;;;;;;0276
27;8353;ISD 276 - SHOREWOOD COMMUNITY & EVENT CENTER;;;;;;;0276
27;8838;ISD 283 - VISTA LUTHERAN CHURCH (EDINA);;;;;;;0283
27;9002;ISD 277 - WESTONKA EDUCATIONAL SERV CTR;;;;;;;0277
27;9358;ISD 11 SB3 P3 - CHAMPLIN ICE FORUM;;;;;;;0011
27;9419;ISD 270 - IMMANUEL LUTHERAN CHURCH;;;;;;;0270
27;9420;ISD 270 - FOURTH BAPTIST CHURCH;;;;;;;0270
27;9749;ISD 276 - MINNEWASHTA CHURCH;;;;;;;0276
27;9751;ISD 276 - MNTKA DIST SRVC CTR (EDEN PR/CHANHASSEN);;;;;;;0276
27;9825;ISD 11 SB3 P4 - JACKSON MIDDLE SCHOOL;;;;;;;0011
29;9198;SD 113-AKELEY CITY HALL-HUBBARD;;;;;;;0113
30;9236;ISD 911 CAMBRIDGE-ISANTI - CAMBRIDGE CITY CTR MALL;;;;;;;0911
30;9237;ISD 911 ISANTI COMMUNITY CENTER;;;;;;;0911
31;9330;BALL CLUB COMMUNITY CENTER;;;;;;;0317
31;9331;JESSE LAKE LUTHERAN CHURCH;;;;;;;0317
31;9332;INGER COMMUNITY CENTER;;;;;;;0317
31;9594;ISD 317-KING ELEMENTARY SCHOOL;;;;;;;0317
32;8782;ISD 2895 - GOOD SHEPHERD HALL;;;;;;;2895
32;8783;ISD 2895 - BETHLEHEM LUTHERAN CHURCH;;;;;;;2895
33;8643;ISD NO. 333 OGILVIE;;;;;;;0333
34;8984;ISD 2396 ATWATER COMMUNITY CENTER;;;;;;;2396
36;8029;ISD 362 - LITTLEFORK COMMUNITY BUILDING;;;;;;;0362
36;8891;ISD 362 - BIG FALLS CITY HALL;;;;;;;0362
39;9120;LAKE OF THE WOODS SCHOOL DISTRICT 390 - SUBDS 1-5;;;;;;;0390
39;9121;LAKE OF THE WOODS GOVERNMENT CENTER - SUBD 6;;;;;;;0390
40;8849;ISD #508 - KASOTA COMMUNITY CTR;;;;;;;0508
40;8923;ISD NO. 391 CLEVELAND;;;;;;;0391
40;9637;SD 2905 MONTGOMERY CITY HALL;;;;;;;2905
40;9638;SD 2905 LE CENTER CITY HALL;;;;;;;2905
42;8385;ISD NO. 413 MARSHALL;;;;;;;0413
42;8628;ISD 2167 - COTTONWOOD COMMUNITY CENTER COMBO 1;;;;;;;2167
46;8744;ISD NO. 2536 GRANADA HUNTLEY EAST CHAIN;;;;;;;2536
46;9164;ISD NO. 2752 FAIRMONT AREA;;;;;;;2752
47;0095;KINGSTON;7;29A;04;08;2093;33344;
47;0100;KINGSTON TWP.;7;29A;04;08;2093;33362;
47;9198;ISD 2396 GROVE CITY COMMUNITY CENTER;;;;;;;2396
48;0045;HAYLAND TWP.;8;10B;04;07;3095;27908;
48;9145;ISD #477 - PRINCETON DEPOT/MUSEUM;;;;;;;0477
48;9474;ISD NO. 473 ISLE;;;;;;;0473
49;8128;HOLDINGFORD SCHOOL;;;;;;;0738
49;9851;ISD NO. 487 UPSALA;;;;;;;0487
50;8081;ISD 492 - MOWER COUNTY SENIOR CITIZEN CENTER;;;;;;;0492
50;8083;ISD 492 - SOUTHGATE ELEMENTARY SCHOOL;;;;;;;0492
50;8085;ISD 492 - AUSTIN CITY HALL;;;;;;;0492
50;8086;ISD 492 - ELLIS MIDDLE SCHOOL;;;;;;;0492
50;8555;ISD 492 BANFIELD ELEMENTARY;;;;;;;0492
50;9746;ISD 492 AUSTIN HIGH SCHOOL;;;;;;;0492
51;9666;ISD NO. 2169 MURRAY COUNTY CENTRAL;;;;;;;2169
52;0120;ST PETER W-1 P-1;1;18A;01;05;6103;58036;
52;0130;ST PETER W-2 P-1;1;18A;02;05;6103;58036;
52;8704;ISD NO. 507 NICOLLET;;;;;;;0507
52;8705;ISD #508 - JOHNSON HALL COMBINATION;;;;;;;0508
55;8028;ISD NO. 531 BYRON;;;;;;;0531
56;8457;ISD NO. 547 PARKERS PRAIRIE;;;;;;;0547
58;8422;ISD NO. 577 WILLOW RIVER;;;;;;;0577
58;8512;ISD 2165 FINLAYSON ELEMENTARY SCHOOL;;;;;;;2165
58;8946;ISD 2580 EAST CENTRAL PUBLIC SCHOOL;;;;;;;2580
58;8947;ISD 2165 HINCKLEY HIGH SCHOOL;;;;;;;2165
60;8825;ISD NO. 2609 WIN-E-MAC;;;;;;;2609
61;8124;ISD NO. 2149 MINNEWASKA;;;;;;;2149
62;0060;FALCON HEIGHTS P-1;4;66A;03;02;;20420;
62;0070;FALCON HEIGHTS P-2;4;66A;03;02;;20420;
62;0230;MAPLEWOOD P-11;4;47A;07;02;;40382;
62;0240;MAPLEWOOD P-12;4;47A;07;02;;40382;
62;0250;MAPLEWOOD P-13;4;47A;07;02;;40382;
62;0530;ST ANTHONY P-1;5;39B;02;02;;56680;
62;0540;ST. PAUL W-1 P-01;4;65A;04;02;;58000;
62;0550;ST. PAUL W-1 P-02;4;64A;04;02;;58000;
62;0560;ST. PAUL W-1 P-03;4;65A;03;02;;58000;
62;0570;ST. PAUL W-1 P-04;4;65A;04;02;;58000;
62;0580;ST. PAUL W-1 P-05;4;65A;04;02;;58000;
62;0590;ST. PAUL W-1 P-06;4;65A;04;02;;58000;
62;0600;ST. PAUL W-1 P-07;4;64A;04;02;;58000;
62;0610;ST. PAUL W-1 P-08;4;65A;04;02;;58000;
62;0620;ST. PAUL W-1 P-09;4;65A;04;02;;58000;
62;0630;ST. PAUL W-1 P-10;4;64A;04;02;;58000;
62;0640;ST. PAUL W-1 P-11;4;65A;04;02;;58000;
62;0650;ST. PAUL W-1 P-12;4;65A;03;02;;58000;
62;0660;ST. PAUL W-1 P-13;4;65A;04;02;;58000;
62;0680;ST. PAUL W-2 P-01;4;65B;05;02;;58000;
62;0690;ST. PAUL W-2 P-02;4;64B;05;02;;58000;
62;0700;ST. PAUL W-2 P-03;4;65B;05;02;;58000;
62;0710;ST. PAUL W-2 P-04;4;64B;05;02;;58000;
62;0720;ST. PAUL W-2 P-05;4;64A;04;02;;58000;
62;0730;ST. PAUL W-2 P-06;4;64A;04;02;;58000;
62;0740;ST. PAUL W-2 P-07;4;65B;05;02;;58000;
62;0750;ST. PAUL W-2 P-08;4;65B;05;02;;58000;
62;0760;ST. PAUL W-2 P-09;4;65B;05;02;;58000;
62;0770;ST. PAUL W-2 P-10;4;65B;05;02;;58000;
62;0780;ST. PAUL W-2 P-11;4;65B;05;02;;58000;
62;0790;ST. PAUL W-2 P-12;4;65B;05;02;;58000;
62;0800;ST. PAUL W-2 P-13;4;65B;04;02;;58000;
62;0840;ST. PAUL W-3 P-01;4;64B;04;02;;58000;
62;0850;ST. PAUL W-3 P-02;4;64B;05;02;;58000;
62;0860;ST. PAUL W-3 P-03;4;64B;05;02;;58000;
62;0870;ST. PAUL W-3 P-04;4;64B;05;02;;58000;
62;0880;ST. PAUL W-3 P-05;4;64B;05;02;;58000;
62;0890;ST. PAUL W-3 P-06;4;64B;05;02;;58000;
62;0900;ST. PAUL W-3 P-07;4;64A;04;02;;58000;
62;0910;ST. PAUL W-3 P-08;4;64A;04;02;;58000;
62;0920;ST. PAUL W-3 P-09;4;64B;05;02;;58000;
62;0930;ST. PAUL W-3 P-10;4;64B;05;02;;58000;
62;0940;ST. PAUL W-3 P-11;4;64B;05;02;;58000;
62;0950;ST. PAUL W-3 P-12;4;64B;05;02;;58000;
62;0960;ST. PAUL W-3 P-13;4;64A;04;02;;58000;
62;1000;ST. PAUL W-4 P-01;4;66A;03;02;;58000;
62;1010;ST. PAUL W-4 P-02;4;66A;03;02;;58000;
62;1020;ST. PAUL W-4 P-03;4;66A;03;02;;58000;
62;1030;ST. PAUL W-4 P-04;4;64A;04;02;;58000;
62;1040;ST. PAUL W-4 P-05;4;64A;04;02;;58000;
62;1050;ST. PAUL W-4 P-06;4;64A;04;02;;58000;
62;1060;ST. PAUL W-4 P-07;4;65A;04;02;;58000;
62;1070;ST. PAUL W-4 P-08;4;66A;03;02;;58000;
62;1080;ST. PAUL W-4 P-09;4;66A;03;02;;58000;
62;1090;ST. PAUL W-4 P-10;4;66A;03;02;;58000;
62;1100;ST. PAUL W-4 P-11;4;66A;03;02;;58000;
62;1110;ST. PAUL W-4 P-12;4;64A;04;02;;58000;
62;1120;ST. PAUL W-4 P-13;4;66A;03;02;;58000;
62;1160;ST. PAUL W-5 P-01;4;66B;03;02;;58000;
62;1170;ST. PAUL W-5 P-02;4;66B;03;02;;58000;
62;1180;ST. PAUL W-5 P-03;4;66B;03;02;;58000;
62;1190;ST. PAUL W-5 P-04;4;66B;03;02;;58000;
62;1200;ST. PAUL W-5 P-05;4;66B;03;02;;58000;
62;1210;ST. PAUL W-5 P-06;4;65A;03;02;;58000;
62;1220;ST. PAUL W-5 P-07;4;66B;06;02;;58000;
62;1230;ST. PAUL W-5 P-08;4;66B;03;02;;58000;
62;1240;ST. PAUL W-5 P-09;4;66B;03;02;;58000;
62;1250;ST. PAUL W-5 P-10;4;66A;03;02;;58000;
62;1290;ST. PAUL W-6 P-01;4;67A;06;02;;58000;
62;1300;ST. PAUL W-6 P-02;4;67A;06;02;;58000;
62;1310;ST. PAUL W-6 P-03;4;67A;06;02;;58000;
62;1320;ST. PAUL W-6 P-04;4;67A;06;02;;58000;
62;1330;ST. PAUL W-6 P-05;4;67A;06;02;;58000;
62;1340;ST. PAUL W-6 P-06;4;66B;03;02;;58000;
62;1350;ST. PAUL W-6 P-07;4;67A;06;02;;58000;
62;1360;ST. PAUL W-6 P-08;4;67A;06;02;;58000;
62;1370;ST. PAUL W-6 P-09;4;67A;06;02;;58000;
62;1380;ST. PAUL W-6 P-10;4;67A;06;02;;58000;
62;1390;ST. PAUL W-6 P-11;4;67A;06;02;;58000;
62;1430;ST. PAUL W-7 P-01;4;67B;05;02;;58000;
62;1440;ST. PAUL W-7 P-02;4;67A;06;02;;58000;
62;1450;ST. PAUL W-7 P-03;4;67B;06;02;;58000;
62;1460;ST. PAUL W-7 P-04;4;67B;05;02;;58000;
62;1470;ST. PAUL W-7 P-05;4;67B;05;02;;58000;
62;1480;ST. PAUL W-7 P-06;4;67B;06;02;;58000;
62;1490;ST. PAUL W-7 P-07;4;67B;06;02;;58000;
62;1500;ST. PAUL W-7 P-08;4;67B;06;02;;58000;
62;1510;ST. PAUL W-7 P-09;4;67B;06;02;;58000;
62;1520;ST. PAUL W-7 P-10;4;67B;06;02;;58000;
62;1530;ST. PAUL W-7 P-11;4;67B;06;02;;58000;
62;1540;ST. PAUL W-7 P-12;4;67B;06;02;;58000;
62;1550;ST. PAUL W-7 P-13;4;67B;06;02;;58000;
62;1740;WHITE BEAR LAKE W-1 P-1;4;36B;07;02;;69970;
62;1750;WHITE BEAR LAKE W-2 P-1;4;36B;07;02;;69970;
62;1760;WHITE BEAR LAKE W-3 P-1;4;36B;07;02;;69970;
62;1770;WHITE BEAR LAKE W-4 P-1;4;36B;07;02;;69970;
62;1780;WHITE BEAR LAKE W-5 P-1;4;36B;07;02;;69970;
62;8203;ISD 621-NORTH OAKS P-1 PEACE UNITED METHODIST CHUR;;;;;;;0621
62;8205;ISD 623-LITTLE CANADA P-1 ROSEVILLE AREA MIDDLE SC;;;;;;;0623
62;8413;ISD 623-ROSEVILLE P-07 CENTRAL PARK ELEMENTARY;;;;;;;0623
62;8482;ISD 621-ARDEN HILLS P-2 ANDERSON CTR-BETHEL UNIV.;;;;;;;0621
62;8483;ISD 621-ARDEN HILLS P-3 NORTH HEIGHTS LUTHERAN CH;;;;;;;0621
62;8488;ISD 621-NEW BRIGHTON P-1 ST. JOHN THE BAPTIST CATH;;;;;;;0621
62;8489;ISD 621-NEW BRIGHTON P-5 FAITH CHURCH;;;;;;;0621
62;8490;ISD 621-NEW BRIGHTON P-7 UNITED CHURCH OF CHRIST;;;;;;;0621
62;8491;ISD 621-ROSEVILLE P-01 CENTENNIAL UNITED METHODIST;;;;;;;0621
62;8493;ISD 621-SHOREVIEW P-2 SHEPHERD OF THE HILLS LUTHER;;;;;;;0621
62;8494;ISD 621-SHOREVIEW P-3 CITY HALL;;;;;;;0621
62;8495;ISD 621-SHOREVIEW P-4 COMMUNITY CENTER;;;;;;;0621
62;8496;ISD 621-SHOREVIEW P-5 COMMUNITY CENTER;;;;;;;0621
62;8497;ISD 621-SHOREVIEW P-6 INCARNATION LUTHERAN CHURCH;;;;;;;0621
62;8892;ISD 623-LAUDERDALE P-1 LAUDERDALE CITY HALL;;;;;;;0623
62;8893;ISD 623-MAPLEWOOD P-01 EDGERTON ELEMENTARY SCHOOL;;;;;;;0623
62;9041;ISD 623-ROSEVILLE P-03 ADVENT LUTHERAN CHURCH;;;;;;;0623
62;9042;ISD 623-ROSEVILLE P-04 NORTH HEIGHTS LUTHERAN CH;;;;;;;0623
62;9043;ISD 623-ROSEVILLE P-05 ST. CHRISTOPHER'S EPISCOPAL;;;;;;;0623
62;9044;ISD 623-ROSEVILLE P-06 PRINCE OF PEACE LUTHERAN;;;;;;;0623
62;9045;ISD 623-ROSEVILLE P-08 ANPETU TECA EDUCATION CTR;;;;;;;0623
62;9046;ISD 623-ROSEVILLE P-09 RAMSEY CO LIBRARY-ROSEVILLE;;;;;;;0623
62;9047;ISD 623-ROSEVILLE P-10 ROSEVILLE LUTHERAN CHURCH;;;;;;;0623
62;9050;ISD 623-MAPLEWOOD P-02 EDGERTON ELEMENTARY SCHOOL;;;;;;;0623
62;9425;ISD 621-NORTH OAKS P-2 NORTH OAKS GOLF CLUB;;;;;;;0621
62;9426;ISD 621-WHITE BEAR TWP P-1 OTTER LAKE ELEMENTARY;;;;;;;0621
62;9427;ISD 621-ROSEVILLE P-02 ROSEVILLE COVENANT CHURCH;;;;;;;0621
62;9428;ISD 623-LITTLE CANADA P-2 LITTLE CANADA ELEMENTARY;;;;;;;0623
62;9429;ISD 623-LITTLE CANADA P-3 LITTLE CANADA CITY CTR;;;;;;;0623
62;9430;ISD 623-SHOREVIEW P-1 LUTH CHURCH OF RESURRECTION;;;;;;;0623
62;9433;ISD 282-NEW BRIGHTON P-3 SALEM COVENANT CHURCH;;;;;;;0282
62;9518;ISD 621-NEW BRIGHTON P-4 CHRIST THE KING LUTHERAN;;;;;;;0621
62;9519;ISD 621-NEW BRIGHTON P-6 NB COMMUNITY CENTER;;;;;;;0621
62;9520;ISD 621-NEW BRIGHTON P-8 GRACEPOINT CHURCH;;;;;;;0621
62;9579;ISD 621-ARDEN HILLS P-1 PRESB CHURCH OF THE WAY;;;;;;;0621
62;9580;ISD 623-ARDEN HILLS P-1 PRESB CHURCH OF THE WAY;;;;;;;0623
62;9581;ISD 621-VADNAIS HEIGHTS P-1 VADNAIS HTS COMMONS;;;;;;;0621
62;9581;ISD 623-ROSEVILLE P-11 GALILEE EVANGENLICAL LUTHER;;;;;;;0623
62;9679;ISD 621-MV-SLP-BLN MOUNDS VIEW COMMUNITY CENTER;;;;;;;0621
62;9680;ISD 621-NEW BRIGHTON P-2 SALEM COVENANT CHURCH;;;;;;;0621
62;9681;ISD 621-SHOREVIEW P-7 LAKE JOHANNA FIRE DEPT STN;;;;;;;0621
62;9756;ISD 622-MAPLEWOOD P-08 RAMSEY CO LIBRARY-MAPLEWOOD;;;;;;;0622
62;9757;ISD 622-NORTH ST. PAUL P-1 RIVER OF GOD CHURCH;;;;;;;0622
62;9758;ISD 622-NORTH ST. PAUL P-2 NORTH PRESBYTERIAN CH;;;;;;;0622
62;9759;ISD 622-MAPLEWOOD P-03 GLADSTONE COMMUNITY CENTER;;;;;;;0622
62;9760;ISD 622-MAPLEWOOD P-04 WAKEFIELD PARK COMM BLDG;;;;;;;0622
62;9761;ISD 622-MAPLEWOOD P-05 MAPLEWOOD COMM CENTER/YMCA;;;;;;;0622
62;9762;ISD 622-MAPLEWOOD P-06 REDEEMING LOVE CHURCH;;;;;;;0622
62;9763;ISD 622-MAPLEWOOD P-07 FIRST EVANGELICAL FREE CH;;;;;;;0622
62;9764;ISD 622-MAPLEWOOD P-09 MAPLEWOOD MIDDLE SCHOOL;;;;;;;0622
62;9765;ISD 622-MAPLEWOOD P-10 EAST METRO PUBLIC TRNG CTR;;;;;;;0622
62;9769;ISD 622-NORTH ST. PAUL P-3 COWERN SCHOOL;;;;;;;0622
62;9770;ISD 622-NORTH ST. PAUL P-4 RICHARDSON SCHOOL GYM;;;;;;;0622
66;8019;ISD 721 LONSDALE IC CHURCH CIVIC CENTER;;;;;;;0721
66;9655;ISD 2905 LONSDALE IC CHURCH CIVIC CENTER;;;;;;;2905
68;8574;ISD NO. 690 WARROAD;;;;;;;0690
68;9345;ISD NO. 676 BADGER;;;;;;;0676
69;0140;DULUTH P-1;8;8B;02;06;3138;17000;
69;0145;DULUTH P-2;8;8B;02;06;3138;17000;
69;0150;DULUTH P-3;8;8B;02;06;3138;17000;
69;0155;DULUTH P-4;8;8B;02;06;3138;17000;
69;0160;DULUTH P-5;8;8B;02;06;3138;17000;
69;0165;DULUTH P-6;8;8B;02;06;3138;17000;
69;0170;DULUTH P-7;8;8B;02;06;3138;17000;
69;0175;DULUTH P-8;8;8B;02;06;3138;17000;
69;0180;DULUTH P-9;8;8B;02;06;3138;17000;
69;0190;DULUTH P-10;8;8B;01;06;3138;17000;
69;0195;DULUTH P-11;8;8B;01;06;3138;17000;
69;0200;DULUTH P-12;8;8B;01;06;3138;17000;
69;0205;DULUTH P-13;8;8B;02;06;3138;17000;
69;0210;DULUTH P-14;8;8B;02;06;3138;17000;
69;0215;DULUTH P-15;8;8B;01;06;3138;17000;
69;0220;DULUTH P-16;8;8A;01;06;3138;17000;
69;0230;DULUTH P-17;8;8A;01;06;3138;17000;
69;0240;DULUTH P-18;8;8A;01;06;3138;17000;
69;0245;DULUTH P-19;8;8A;01;06;3138;17000;
69;0255;DULUTH P-21;8;8A;03;06;3138;17000;
69;0260;DULUTH P-22;8;8A;01;06;3138;17000;
69;0265;DULUTH P-23;8;8B;01;06;3138;17000;
69;0270;DULUTH P-24;8;8A;03;06;3138;17000;
69;0275;DULUTH P-25;8;8A;03;06;3138;17000;
69;0280;DULUTH P-26;8;8A;03;06;3138;17000;
69;0285;DULUTH P-27;8;8A;03;06;3138;17000;
69;0290;DULUTH P-28;8;8A;03;06;3138;17000;
69;0295;DULUTH P-29;8;8A;03;06;3138;17000;
69;0300;DULUTH P-30;8;8A;03;06;3138;17000;
69;0305;DULUTH P-31;8;8A;03;06;3138;17000;
69;0315;DULUTH P-32;8;8A;03;06;3138;17000;
69;0320;DULUTH P-33;8;8A;03;06;3138;17000;
69;0325;DULUTH P-34;8;3B;03;06;3138;17000;
69;0330;DULUTH P-35;8;8A;03;06;3138;17000;
69;8900;ISD NO. 701 HIBBING;;;;;;;0701
69;9352;ISD #709 - LAKEWOOD TOWN HALL;;;;;;;0709
69;9372;ISD #709 - GNESEN COMMUNITY CENTER;;;;;;;0709
69;9373;ISD #709 - NORMANNA TOWN HALL;;;;;;;0709
69;9374;ISD #709 - NORTH STAR TOWN HALL;;;;;;;0709
69;9375;ISD #709 - RICE LAKE CITY HALL;;;;;;;0709
70;0080;PRIOR LAKE P-1;2;54B;04;01;4143;52594;
70;0084;PRIOR LAKE P-2;2;54B;02;01;4140;52594;
70;0090;PRIOR LAKE P-3;2;54B;02;01;4140;52594;
70;0091;PRIOR LAKE P-4;2;54B;02;01;4140;52594;
70;0092;PRIOR LAKE P-5;2;54B;04;01;4143;52594;
70;0093;PRIOR LAKE P-6;2;54B;04;01;4143;52594;
70;0094;PRIOR LAKE P-7;2;54B;04;01;4143;52594;
70;0095;PRIOR LAKE P-8;2;54B;04;01;4143;52594;
70;0097;PRIOR LAKE P-9;2;54B;04;01;4143;52594;
70;8854;ISD NO. 716 BELLE PLAINE;;;;;;;0716
70;9019;ISD 194 P18 CREDIT RIVER AND SPRING LAKE TWP;;;;;;;0194
70;9020;ISD 194 P20 ELKO NEW MARKET CITY HALL;;;;;;;0194
70;9207;ISD 721 ELKO NEW MARKET CITY HALL;;;;;;;0721
70;9233;ISD 721 FITNESS & AQUATIC CENTER (FAC);;;;;;;0721
70;9280;ISD 721 CEDAR LAKE, HELENA;;;;;;;0721
70;9446;ISD 194 P19 NEW MARKET AREA HALL;;;;;;;0194
70;9481;ISD 271 - BLOOMINGTON - SAVAGE P-1;;;;;;;0271
70;9511;ISD NO. 720 SHAKOPEE;;;;;;;0720
70;9653;ISD 719 SPRING LAKE, SAND CREEK, CEDAR LAKE TOWNSH;;;;;;;0719
70;9655;ISD 719 MCCOLL POND ELC (ALL SAVAGE PRECINCTS);;;;;;;0719
70;9657;ISD 719 CLEARY LAKE REGIONAL PARK (CITY OF CREDIT;;;;;;;0719
71;0015;BECKER TWP;6;27A;03;10;4141;04636;0742
71;0035;CLEAR LAKE CITY;6;27A;04;10;4141;11764;0742
71;0040;CLEAR LAKE TWP;6;27A;04;10;4141;11782;0742
71;0065;HAVEN TWP P-1;6;14B;04;10;4141;27674;0742
71;0067;HAVEN TWP P-2;6;27A;04;10;4141;27674;0742
71;0080;PALMER TWP;6;27A;04;10;4141;49534;0742
71;0090;ST CLOUD W2 P5;6;14B;04;10;4141;56896;0742
71;0095;ST CLOUD W2 P6;6;14B;04;10;4141;56896;0742
71;0100;ST CLOUD W2 P7;6;14B;04;10;4141;56896;0742
71;8829;ISD NO. 726 BECKER;;;;;;;0726
71;8830;ISD NO. 727 BIG LAKE;;;;;;;0727
71;8834;ISD #477 BALDWIN TOWN HALL - BALDWIN, BLUE HILL, S;;;;;;;0477
72;8696;ISD 2310 P1 GREEN ISLE TOWN HALL;;;;;;;2310
72;8697;ISD 2310 P2 ARLINGTON EVENT CENTER;;;;;;;2310
72;8698;ISD 2310 P3 GAYLORD FIRE HALL;;;;;;;2310
73;0025;AVON TWP;7;13A;05;07;2145;03088;0742
73;0042;CLEARWATER;6;13A;03;07;2145;11800;0742
73;0050;COLLEGEVILLE TWP P1;6;13A;03;07;2145;12592;0742
73;0055;COLLEGEVILLE TWP P2;6;13A;03;07;2145;12592;0742
73;0085;FAIR HAVEN TWP;6;13A;03;07;2145;20294;0742
73;0145;LE SAUK TWP;6;13B;02;07;2145;36656;0742
73;0155;LYNDEN TWP;6;13A;03;07;2145;38780;0742
73;0160;MAINE PRAIRIE TWP;7;13A;03;07;2145;39518;0742
73;0235;ROCKVILLE;6;13A;03;07;2145;55078;0742
73;0255;ST AUGUSTA;6;14A;03;07;2145;56724;0742
73;0260;ST CLOUD W1 P1;6;14A;01;07;2145;56896;0742
73;0265;ST CLOUD W1 P2;6;14A;01;07;2145;56896;0742
73;0270;ST CLOUD W1 P3;6;14A;04;07;2145;56896;
73;0275;ST CLOUD W1 P4;6;14A;04;07;2145;56896;
73;0280;ST CLOUD W1 P5;6;14A;01;07;2145;56896;0742
73;0285;ST CLOUD W1 P6;6;14B;01;07;2145;56896;0742
73;0290;ST CLOUD W1 P7;6;14B;01;07;2145;56896;0742
73;0295;ST CLOUD W2 P2;6;14B;01;07;2145;56896;0742
73;0305;ST CLOUD W3 P1;6;14B;01;07;2145;56896;0742
73;0307;ST CLOUD W3 P2;6;14B;01;07;2145;56896;0742
73;0310;ST CLOUD W3 P3;6;14B;01;07;2145;56896;0742
73;0312;ST CLOUD W3 P4;6;14B;01;07;2145;56896;0742
73;0315;ST CLOUD W3 P5;6;14B;01;07;2145;56896;0742
73;0317;ST CLOUD W3 P6;6;14B;01;07;2145;56896;0742
73;0320;ST CLOUD W3 P7;6;14B;01;07;2145;56896;0742
73;0330;ST CLOUD W4 P1;6;14B;04;07;2145;56896;
73;0335;ST CLOUD W4 P2;6;14A;04;07;2145;56896;
73;0340;ST CLOUD W4 P3;6;14A;04;07;2145;56896;
73;0345;ST CLOUD W4 P4;6;14A;04;07;2145;56896;
73;0350;ST CLOUD W4 P5;6;14A;04;07;2145;56896;
73;0355;ST CLOUD W4 P6;6;14A;04;07;2145;56896;
73;0360;ST CLOUD W4 P7;6;14A;04;07;2145;56896;
73;0380;ST JOSEPH P1;6;13A;02;07;2145;57130;0742
73;0385;ST JOSEPH P2;6;14A;02;07;2145;57130;0742
73;0390;ST JOSEPH TWP P1;6;13A;02;07;2145;57148;0742
73;0395;ST JOSEPH TWP P2;6;14A;02;07;2145;57148;0742
73;0410;ST WENDEL TWP P1;6;13B;02;07;2145;58198;0742
73;0411;ST WENDEL TWP P2;7;13B;02;07;2145;58198;0742
73;0416;SARTELL P1;6;13B;02;07;2145;58612;0742
73;0419;SARTELL P4;6;13B;02;07;2145;58612;0742
73;0440;WAITE PARK P1;6;14A;04;07;2145;67612;
73;0441;WAITE PARK P2;6;14A;04;07;2145;67612;
73;0442;WAITE PARK P3;6;14A;04;07;2145;67612;
73;0443;WAITE PARK P4;6;14A;04;07;2145;67612;
73;8858;ISD 738 - HOLDINGFORD CITY HALL;;;;;;;0738
74;8649;ISD 761 CLINTON FALLS TWP HALL COMBO;;;;;;;0761
74;9187;ISD 761  W1 P1;;;;;;;0761
74;9188;ISD 761  W1 P2;;;;;;;0761
74;9189;ISD 761  W2 P1;;;;;;;0761
74;9190;ISD 761  W2 P2;;;;;;;0761
74;9191;ISD 761  W3 P1;;;;;;;0761
74;9192;ISD 761  W3 P2;;;;;;;0761
74;9193;ISD 761  W4 P1;;;;;;;0761
74;9194;ISD 761  W4 P2;;;;;;;0761
74;9195;ISD 761  W5 P1;;;;;;;0761
74;9196;ISD 761  W5 P2;;;;;;;0761
75;8800;ISD NO. 768 HANCOCK;;;;;;;0768
76;9310;ISD NO. 777 BENSON;;;;;;;0777
78;9333;ISD NO. 803 WHEATON AREA;;;;;;;0803
80;9039;ISD NO. 2155 WADENA-DEER CREEK;;;;;;;2155
82;0200;MAHTOMEDI P-01;4;33A;01;10;4163;39428;
82;0205;MAHTOMEDI P-02;4;33A;02;10;4164;39428;
82;0290;ST. PAUL PARK P-01;2;53B;04;10;4166;58018;
82;0295;ST. PAUL PARK P-02;2;53B;04;10;4166;58018;
82;0300;ST. PAUL PARK P-03;2;53B;04;10;4166;58018;
82;0365;WHITE BEAR LAKE W-4 P-2;4;36B;02;10;4164;69970;
82;0375;WOODBURY P-01;4;47A;02;10;4164;71428;
82;0380;WOODBURY P-02;4;47A;02;10;4164;71428;
82;0385;WOODBURY P-03;4;47A;05;10;4167;71428;
82;0390;WOODBURY P-04;4;47A;05;10;4167;71428;
82;0395;WOODBURY P-05;4;47A;05;10;4167;71428;
82;0400;WOODBURY P-06;4;47A;05;10;4167;71428;
82;0405;WOODBURY P-07;4;47A;02;10;4164;71428;
82;0410;WOODBURY P-08;4;47A;02;10;4164;71428;
82;0415;WOODBURY P-09;4;47B;05;10;4167;71428;
82;0420;WOODBURY P-10;4;47B;05;10;4167;71428;
82;0425;WOODBURY P-11;4;47B;05;10;4167;71428;
82;0430;WOODBURY P-12;4;47B;05;10;4167;71428;
82;0435;WOODBURY P-13;4;47B;05;10;4167;71428;
82;0440;WOODBURY P-14;2;47B;04;10;4166;71428;
82;0445;WOODBURY P-15;2;47B;05;10;4167;71428;
82;0450;WOODBURY P-16;4;47B;05;10;4167;71428;
82;8160;ISD 622 P09 - LAKE ELMO CITY HALL;;;;;;;0622
82;8161;ISD 622 P01 - APOSTOLIC BIBLE INSTITUTE & CHURCH;;;;;;;0622
82;8162;ISD 622 P03 - REDEEMER BAPTIST CHURCH;;;;;;;0622
82;8163;ISD 622 P04 - HOUSE OF PRAYER CHURCH;;;;;;;0622
82;8164;ISD 622 P05 - THE SANCTUARY CHURCH;;;;;;;0622
82;8165;ISD 622 P06 - OAKDALE DISCOVERY CENTER;;;;;;;0622
82;8166;ISD 622 P07 - HOPE EVANGELICAL FREE CHURCH;;;;;;;0622
82;8167;ISD 622 P08 - GUARDIAN ANGELS CHURCH;;;;;;;0622
82;8191;ISD 833 P09 - NEWPORT ELEMENTARY SCHOOL;;;;;;;0833
82;9261;ISD NO. 832 MAHTOMEDI;;;;;;;0832
82;9268;ISD 622 P02 - TARTAN HIGH SCHOOL;;;;;;;0622
82;9387;ISD 833 P01 - PARK HIGH SCHOOL;;;;;;;0833
82;9388;ISD 833 P02 - COTTAGE GROVE MIDDLE SCHOOL;;;;;;;0833
82;9389;ISD 833 P03 - CRESTVIEW ELEMENTARY SCHOOL;;;;;;;0833
82;9390;ISD 833 P04 - DISTRICT 833 SERVICE CENTER;;;;;;;0833
82;9391;ISD 833 P05 - COTTAGE GROVE SERVICE CENTER;;;;;;;0833
82;9392;ISD 833 P06 - NATIONAL GUARD ARMORY;;;;;;;0833
82;9393;ISD 833 P07 - PINE HILL ELEMENTARY SCHOOL;;;;;;;0833
82;9402;ISD 833 P08 - COTTAGE GROVE ELEMENTARY SCHOOL;;;;;;;0833
83;8861;ISD NO. 837 MADELIA;;;;;;;0837
84;8638;ISD 850 ROTHSAY;;;;;;;0850
84;9102;ISD NO. 846 BRECKENRIDGE;;;;;;;0846
86;0010;ALBION TWP;6;29A;01;10;4171;00766;
86;0015;ANNANDALE;6;29A;01;10;4171;01684;
86;0020;BUFFALO P-1;6;29B;01;10;4171;08452;
86;0025;BUFFALO P-2;6;29B;01;10;4171;08452;
86;0030;BUFFALO P-3;6;29B;01;10;4171;08452;
86;0032;BUFFALO P-4;6;29B;01;10;4171;08452;
86;0035;BUFFALO TWP;6;29B;01;10;4171;08470;
86;0040;CHATHAM TOWNSHIP P1;6;29A;01;10;4171;11062;
86;0041;CHATHAM TOWNSHIP P2;6;29B;01;10;4171;11062;
86;0045;CLEARWATER CITY P1;6;29A;02;10;4171;11800;
86;0050;CLEARWATER TWP;6;29A;02;10;4171;11818;
86;0065;CORINNA TWP;6;29A;01;10;4171;13222;
86;0075;DELANO;6;29A;05;10;4171;15454;
86;0085;FRANKLIN TWP;6;29A;05;10;4171;22400;
86;0090;FRENCH LAKE TWP;6;29A;05;10;4171;22760;
86;0100;HOWARD LAKE;6;29A;05;10;4171;30284;
86;0105;MAPLE LAKE;6;29B;02;10;4171;40220;
86;0110;MAPLE LAKE TOWNSHIP;6;29B;02;10;4171;40238;
86;0115;MARYSVILLE TWP;6;29A;05;10;4171;40940;
86;0120;MIDDLEVILLE TWP;6;29A;05;10;4171;41966;
86;0125;MONTICELLO P1;6;29B;02;10;4171;43774;
86;0127;MONTICELLO P2;6;29B;02;10;4171;43774;
86;0128;MONTICELLO P3;6;29B;02;10;4171;43774;
86;0129;MONTICELLO P4;6;29B;02;10;4171;43774;
86;0130;MONTICELLO TWP;6;29B;02;10;4171;43792;
86;0135;MONTROSE;6;29A;05;10;4171;43810;
86;0145;ROCKFORD;6;29A;04;10;4171;55006;
86;0151;ROCKFORD TOWNSHIP P2;6;29A;04;10;4171;55024;
86;0160;SILVER CREEK TWP;6;29B;02;10;4171;60340;
86;0165;SOUTH HAVEN;6;29A;01;10;4171;61402;
86;0170;SOUTHSIDE TWP;6;29A;01;10;4171;61510;
86;0180;VICTOR TWP;6;29A;05;10;4171;67018;
86;0185;WAVERLY;6;29A;05;10;4171;68764;
86;0190;WOODLAND TWP;6;29A;05;10;4171;71554;
86;8656;ISD NO. 883 ROCKFORD;;;;;;;0883
86;8659;ISD NO. 885 ST MICHAEL-ALBERTVILLE;;;;;;;0885
86;8824;ISD NO. 882 MONTICELLO;;;;;;;0882
86;9264;ISD NO. 876 ANNANDALE;;;;;;;0876
87;8627;ISD 2167-LAKEVIEW 2;;;;;;;2167