01;8193;ISD #1 - JOURNEY NORTH;;;;;;;0001
01;8194;ISD NO. 2 HILL CITY;;;;;;;0002
01;9251;ISD #1 (GLEN-KIMBERLY TOWN HALL);;;;;;;0001
01;9252;ISD #1 (PALISADE FIRE HALL);;;;;;;0001
02;0705;CIRCLE PINES P-1;6;38A;06;10;4005;11494;
02;0710;CIRCLE PINES P-2;6;38A;06;10;4005;11494;
02;2205;LINO LAKES P-1;6;38A;06;10;4005;37322;
02;2210;LINO LAKES P-2;6;38A;06;10;4005;37322;
02;2215;LINO LAKES P-3;6;38A;06;10;4005;37322;
02;2220;LINO LAKES P-4;6;38A;06;10;4005;37322;
02;2225;LINO LAKES P-5;6;38A;06;10;4005;37322;
02;2230;LINO LAKES P-6;6;38A;06;10;4005;37322;
02;2235;LINO LAKES P-7;6;38A;06;10;4005;37322;
02;8040;ISD 14 P1 FRIDLEY COMMUNITY CENTER;;;;;;;0014
02;8041;ISD 16 P1 WOODCREST ELEMENTARY;;;;;;;0016
02;8042;ISD 16 P2 NTL. SPORTS CTR - THE WELCOME CTR;;;;;;;0016
02;9359;ISD 11 SB1 P1 - RAMSEY MUNICIPAL CENTER;;;;;;;0011
02;9361;ISD 11 SB1 P3 - ANOKA COVENANT CHURCH;;;;;;;0011
02;9362;ISD 11 SB1 P4 - ZION LUTHERAN CHURCH;;;;;;;0011
02;9363;ISD 11 SB1 P5 - GREENHAVEN COUNTRY CLUB;;;;;;;0011
02;9364;ISD 11 SB2 P1 - BRIDGEWOOD COMMUNITY CHURCH;;;;;;;0011
02;9365;ISD 11 SB2 P2 - OAK PARK COMMUNITY CHURCH;;;;;;;0011
02;9366;ISD 11 SB2 P3 - BLAINE UNITED METHODIST CHURCH;;;;;;;0011
02;9367;ISD 11 SB2 P4 - KING OF GLORY CHURCH;;;;;;;0011
02;9368;ISD 11 SB2 P5 - PEACE LUTHERAN CHURCH;;;;;;;0011
02;9369;ISD 11 SB3 P5 - COON RAPIDS ICE CENTER;;;;;;;0011
02;9370;ISD 11 SB3 P6 - UNITED METHODIST CHURCH;;;;;;;0011
02;9371;ISD 11 SB4 P1 - OAK HAVEN CHURCH;;;;;;;0011
02;9372;ISD 11 SB4 P2 - RADISSON ROAD CHURCH;;;;;;;0011
02;9373;ISD 11 SB4 P3 - CROSS OF HOPE LUTHERAN CHURCH;;;;;;;0011
02;9374;ISD 11 SB4 P4 - PRAIRIE OAK COMMUNITY CHURCH;;;;;;;0011
02;9375;ISD 11 SB4 P5 - BUNKER HILLS ACTIVITY CENTER;;;;;;;0011
02;9376;ISD 11 SB5 P5 - SPRINGBROOK NATURE CENTER;;;;;;;0011
02;9377;ISD 11 SB5 P6 - EMMA B HOWE YMCA - COMMUNITY ROOM;;;;;;;0011
02;9378;ISD 11 SB5 P7 - SPIRIT OF GRACE CHURCH;;;;;;;0011
02;9379;ISD 11 SB6 P1 - RIVERDALE ASSEMBLY OF GOD;;;;;;;0011
02;9380;ISD 11 SB6 P2 - MISION CRISTIANA BETHEL;;;;;;;0011
02;9381;ISD 11 SB6 P3 - ANOKA COUNTY SHERIFF'S OFFICE;;;;;;;0011
02;9382;ISD 11 SB6 P4 - BUNKER HILLS GOLF CLUB;;;;;;;0011
02;9658;ISD 11 SB1 P2 - RAMSEY FIRE STATION #2;;;;;;;0011
03;8079;ISD 2889 LPA ELEMENTARY SCHOOL;;;;;;;2889
03;8993;ISD 2889 LPA HIGH SCHOOL;;;;;;;2889
04;9052;SOLWAY SCHOOL SD 31 BEMIDJI;;;;;;;0031
04;9053;BEMIDJI TOWN HALL-SD 31 BEMIDJI;;;;;;;0031
04;9054;NORTHERN TOWN HALL-SD 31 BEMIDJI;;;;;;;0031
04;9055;LINCOLN SCHOOL-SD 31 BEMIDJI;;;;;;;0031
04;9056;J.W. SMITH SCHOOL-SD 31 BEMIDJI;;;;;;;0031
04;9269;ROOSEVELT COMMUNITY CENTER-SD 31 BEMIDJI;;;;;;;0031
04;9270;PORT HOPE COMMUNITY CENTER-SD 31 BEMIDJI;;;;;;;0031
04;9307;ECKLES COMMUNITY CENTER-SD 31 BEMIDJI;;;;;;;0031
04;9308;BOYS & GIRLS CLUB;;;;;;;0031
07;9124;ISD 75 ST CLAIR;;;;;;;0075
08;9139;ISD NO. 88 NEW ULM;;;;;;;0088
08;9434;ISD NO. 85 SPRINGFIELD;;;;;;;0085
10;8663;ISD 112 - CHASKA COMMUNITY CENTER;;;;;;;0112
10;8664;ISD 112 - CHANHASSEN RECREATION CENTER;;;;;;;0112
10;8665;ISD 112 - VICTORIA RECREATION CENTER;;;;;;;0112
10;8666;ISD 112 - CARVER CITY HALL;;;;;;;0112
10;8692;ISD NO. 108 CENTRAL;;;;;;;0108
13;8376;ISD 139 - RUSH CITY COMMUNITY CENTER;;;;;;;0139
13;9229;138 MAIN STREET CHURCH;;;;;;;0138
17;8509;ISD NO. 2884 RED ROCK CENTRAL;;;;;;;2884
17;8808;ISD 173 MOUNTAIN LAKE PUBLIC SCHOOL;;;;;;;0173
18;9253;ISD 1 - JOURNEY NORTH- CWC;;;;;;;0001
19;2910;LAKEVILLE P-01;2;58A;06;01;4041;35180;
19;2920;LAKEVILLE P-02;2;58A;06;01;4041;35180;
19;2930;LAKEVILLE P-03;2;58A;06;01;4041;35180;
19;2940;LAKEVILLE P-04;2;58A;06;01;4041;35180;
19;2950;LAKEVILLE P-05;2;58A;06;01;4041;35180;
19;2960;LAKEVILLE P-06;2;56B;06;01;4041;35180;
19;2970;LAKEVILLE P-07;2;56B;06;01;4041;35180;
19;2980;LAKEVILLE P-08;2;56B;06;01;4041;35180;
19;2990;LAKEVILLE P-09;2;58A;06;01;4041;35180;
19;3000;LAKEVILLE P-10;2;58A;06;01;4041;35180;
19;3010;LAKEVILLE P-11;2;58A;06;01;4041;35180;
19;3020;LAKEVILLE P-12;2;58A;06;01;4041;35180;
19;3030;LAKEVILLE P-13;2;58A;06;01;4041;35180;
19;3040;LAKEVILLE P-14;2;58A;06;01;4041;35180;
19;3050;LAKEVILLE P-15;2;58A;06;01;4041;35180;
19;3060;LAKEVILLE P-16;2;57A;06;01;4037;35180;
19;3070;LAKEVILLE P-17;2;57A;06;01;4041;35180;
19;3080;LAKEVILLE P-18;2;57A;06;01;4037;35180;
19;8112;ISD 199 P1 - EMANUEL LUTHERAN CHURCH;;;;;;;0199
19;8113;ISD 199 P2 - GOOD SHEPHERD CHURCH;;;;;;;0199
19;8230;ISD 197 P1 HERITAGE MIDDLE SCHOOL;;;;;;;0197
19;8231;ISD 197 P2 ST STEPHEN'S LUTHERAN CHURCH;;;;;;;0197
19;8232;ISD 197 P3 HENRY SIBLEY HIGH SCHOOL;;;;;;;0197
19;8233;ISD 197 P4 FRIENDLY HILLS MIDDLE SCHOOL;;;;;;;0197
19;8234;ISD 197 P5 PILOT KNOB STEM MAGNET SCHOOL;;;;;;;0197
19;8244;ISD 196 P1 BEREAN BAPTIST CHURCH;;;;;;;0196
19;8245;ISD 196 P2 LORD OF LIFE LUTHERAN CHURCH;;;;;;;0196
19;8246;ISD 196 P3 APPLE VALLEY SENIOR CENTER;;;;;;;0196
19;8247;ISD 196 P10 ST THOMAS BECKET CHURCH;;;;;;;0196
19;8248;ISD 196 P11 SAINTS MARTHA AND MARY EPISCOPAL CHURC;;;;;;;0196
19;8249;ISD 196 P12 EASTER LUTHERAN CHURCH;;;;;;;0196
19;8250;ISD 196 P13 CHRIST LUTHERAN CHURCH;;;;;;;0196
19;8251;ISD 196 P14 CHAPEL HILL BAPTIST CHURCH;;;;;;;0196
19;8639;ISD 191 P5  VISTA VIEW ELEMENTARY SCHOOL;;;;;;;0191
19;8640;ISD 191 P2 GIDEON POND ELEMENTARY SCHOOL;;;;;;;0191
19;8641;ISD 191 P4 SIOUX TRAIL ELEMENTARY SCHOOL;;;;;;;0191
19;8642;ISD 191 P1 EDWARD NEILL ELEMENTARY SCHOOL;;;;;;;0191
19;9125;ISD 196 P4 BETHEL'S ROCK CHURCH;;;;;;;0196
19;9126;ISD 196 P5 APPLE VALLEY MUNICIPAL CENTER;;;;;;;0196
19;9127;ISD 196 P6 ISD 196 DISTRICT SERVICE CENTER;;;;;;;0196
19;9128;ISD 196 P7 SHEPHERD OF THE VALLEY LUTHERAN CHURCH;;;;;;;0196
19;9129;ISD 196 P8 ROSEMOUNT COMMUNITY CENTER;;;;;;;0196
19;9130;ISD 196 P9 COMMUNITY OF HOPE CHURCH;;;;;;;0196
19;9441;ISD 194 P17 EUREKA TOWN HALL;;;;;;;0194
19;9491;ISD 191 P3 RAHN ELEMENTARY SCHOOL;;;;;;;0191
19;9607;ISD 200 CP-1 HOPE LUTHERAN CHURCH;;;;;;;0200
19;9608;ISD 200 CP-5 ST. JOHN'S LUTHERAN CHURCH;;;;;;;0200
19;9609;ISD 200 CP-2 OUR SAVIOUR'S LUTHERAN CHURCH;;;;;;;0200
19;9611;ISD 200 CP-3 UNITED METHODIST CHURCH;;;;;;;0200
19;9612;ISD 194 P14 DISCOVER CHURCH;;;;;;;0194
19;9612;ISD 200 CP-4 ST. PHILIP'S LUTHERAN CHURCH;;;;;;;0200
19;9613;ISD 194 P15 EPISCOPAL CHURCH OF THE NATIVITY;;;;;;;0194
19;9614;ISD 194 P16 BUCK HILL SKI RESORT;;;;;;;0194
20;8726;ISD #2172 KENYON-WANAMINGO HIGH SCHOOL COMBINED;;;;;;;2172
21;8011;206 ALEXANDRIA - PRECINCT 1 - DOUGLAS;;;;;;;0206
21;8796;ISD NO. 213 OSAKIS;;;;;;;0213
21;9006;206 ALEXANDRIA - PRECINCT 2 - DOUGLAS;;;;;;;0206
21;9007;206 ALEXANDRIA - PRECINCT 3 - DOUGLAS;;;;;;;0206
21;9008;206 ALEXANDRIA - PRECINCT 4 - DOUGLAS;;;;;;;0206
21;9009;206 ALEXANDRIA - PRECINCT 5 - DOUGLAS;;;;;;;0206
21;9010;206 ALEXANDRIA - PRECINCT 6 - DOUGLAS;;;;;;;0206
21;9011;206 ALEXANDRIA - PRECINCT 7 - DOUGLAS;;;;;;;0206
21;9012;206 ALEXANDRIA - PRECINCT 8 - DOUGLAS;;;;;;;0206
21;9013;206 ALEXANDRIA - PRECINCT 9 - DOUGLAS;;;;;;;0206
21;9014;206 ALEXANDRIA - PRECINCT 10 - DOUGLAS;;;;;;;0206
21;9015;206 ALEXANDRIA - PRECINCT 11 - DOUGLAS;;;;;;;0206
21;9017;206 ALEXANDRIA - PRECINCT 12;;;;;;;0206
21;9627;ISD 2908-EVANSVILLE CITY HALL;;;;;;;2908
21;9664;ISD 2908-BRANDON CITY HALL;;;;;;;2908
23;9342;ISD 858 ST CHARLES SCHOOL DISTRICT;;;;;;;0858
24;9095;ISD 241 ALBERT LEA - UNITED METHODIST CHURCH;;;;;;;0241
24;9115;ISD 241 ALBERT LEA - ASSEMBLY OF GOD CHURCH;;;;;;;0241
24;9116;ISD 241 ALBERT LEA - EDGEWATER BAY PAVILION;;;;;;;0241
24;9117;ISD 241 ALBERT LEA - HAYWARD COMMUNITY HALL;;;;;;;0241
24;9118;ISD 241 ALBERT LEA - HOLLANDALE/RICELAND GOVERNMEN;;;;;;;0241
24;9119;ISD 241 ALBERT LEA - CLARKS GROVE CITY HALL;;;;;;;0241
24;9709;ISD 241 ALBERT LEA - GRACE LUTHERAN CHURCH;;;;;;;0241
24;9710;ISD 241 ALBERT LEA - CITY CENTER;;;;;;;0241
24;9713;ISD 241 ALBERT LEA - FIRST LUTHERAN CHURCH;;;;;;;0241
25;9059;ISD 2172 WANAMINGO COMMUNITY CENTER;;;;;;;2172
25;9060;ISD 2172 - KENYON CITY HALL;;;;;;;2172
25;9625;ISD 200 ST JOHN'S LUTHERAN CHURCH;;;;;;;0200
26;9246;ISD NO. 2342 WEST CENTRAL AREA;;;;;;;2342
26;9336;ISD 264 - HERMAN-NORCROSS SCHOOL - GRANT;;;;;;;0264
27;0005;BLOOMINGTON W-1 P-07;3;50B;05;04;;06616;
27;0010;BLOOMINGTON W-1 P-08;3;50B;05;04;;06616;
27;0015;BLOOMINGTON W-1 P-09;3;50B;05;04;;06616;
27;0020;BLOOMINGTON W-1 P-10;3;50B;05;04;;06616;
27;0025;BLOOMINGTON W-1 P-12;3;50B;05;04;;06616;
27;0030;BLOOMINGTON W-1 P-14;3;50B;05;04;;06616;
27;0035;BLOOMINGTON W-1 P-15;3;50B;05;04;;06616;
27;0036;BLOOMINGTON W-1 P-30;3;50B;05;04;;06616;
27;0040;BLOOMINGTON W-2 P-13;3;50B;05;04;;06616;
27;0045;BLOOMINGTON W-2 P-16;3;49B;05;04;;06616;
27;0050;BLOOMINGTON W-2 P-21;3;49B;05;04;;06616;
27;0055;BLOOMINGTON W-2 P-23;3;49B;05;04;;06616;
27;0060;BLOOMINGTON W-2 P-24;3;49B;05;04;;06616;
27;0065;BLOOMINGTON W-2 P-25;3;49B;05;04;;06616;
27;0070;BLOOMINGTON W-2 P-26;3;50B;05;04;;06616;
27;0071;BLOOMINGTON W-2 P-27;3;49B;05;04;;06616;
27;0075;BLOOMINGTON W-3 P-05;3;50A;05;04;;06616;
27;0080;BLOOMINGTON W-3 P-11;3;50B;05;04;;06616;
27;0085;BLOOMINGTON W-3 P-17;3;49B;05;04;;06616;
27;0090;BLOOMINGTON W-3 P-18;3;49B;05;04;;06616;
27;0095;BLOOMINGTON W-3 P-19;3;49B;05;04;;06616;
27;0100;BLOOMINGTON W-3 P-20;3;50A;05;04;;06616;
27;0105;BLOOMINGTON W-3 P-22;3;49B;05;04;;06616;
27;0106;BLOOMINGTON W-3 P-28;3;49B;05;04;;06616;
27;0107;BLOOMINGTON W-3 P-29;3;50A;05;04;;06616;
27;0110;BLOOMINGTON W-4 P-01;3;50B;05;04;;06616;
27;0115;BLOOMINGTON W-4 P-02;3;50A;05;04;;06616;
27;0120;BLOOMINGTON W-4 P-03;3;50B;05;04;;06616;
27;0125;BLOOMINGTON W-4 P-04;3;50A;05;04;;06616;
27;0130;BLOOMINGTON W-4 P-06;3;50B;05;04;;06616;
27;0131;BLOOMINGTON W-4 P-31;3;50A;05;04;;06616;
27;0132;BLOOMINGTON W-4 P-32;3;50B;05;04;;06616;
27;0985;GOLDEN VALLEY P-1;5;45B;02;04;;24308;
27;0990;GOLDEN VALLEY P-2;5;45B;02;04;;24308;
27;1000;GOLDEN VALLEY P-3;5;46A;02;04;;24308;
27;1005;GOLDEN VALLEY P-4;5;45B;02;04;;24308;
27;1010;GOLDEN VALLEY P-5;5;46A;02;04;;24308;
27;1015;GOLDEN VALLEY P-6;5;45B;02;04;;24308;
27;1020;GOLDEN VALLEY P-7;5;45B;02;04;;24308;
27;1025;GOLDEN VALLEY P-8;5;46A;02;04;;24308;
27;1110;HOPKINS P-01;5;46B;06;04;;30140;
27;1115;HOPKINS P-02;5;46B;06;04;;30140;
27;1120;HOPKINS P-03;5;46B;06;04;;30140;
27;1125;HOPKINS P-04;5;46B;06;04;;30140;
27;1130;HOPKINS P-05;5;46B;06;04;;30140;
27;1135;HOPKINS P-06;5;46B;06;04;;30140;
27;1150;INDEPENDENCE P-01;3;33A;07;04;;30842;
27;1360;MINNEAPOLIS W-1 P-01;5;60A;02;04;;43000;
27;1365;MINNEAPOLIS W-1 P-02;5;60A;02;04;;43000;
27;1370;MINNEAPOLIS W-1 P-03;5;60A;02;04;;43000;
27;1375;MINNEAPOLIS W-1 P-04;5;60A;02;04;;43000;
27;1380;MINNEAPOLIS W-1 P-05;5;60A;02;04;;43000;
27;1385;MINNEAPOLIS W-1 P-06;5;60A;02;04;;43000;
27;1390;MINNEAPOLIS W-1 P-07;5;60A;04;04;;43000;
27;1395;MINNEAPOLIS W-1 P-08;5;60A;02;04;;43000;
27;1400;MINNEAPOLIS W-1 P-09;5;60A;02;04;;43000;
27;1405;MINNEAPOLIS W-1 P-10;5;60A;02;04;;43000;
27;1410;MINNEAPOLIS W-2 P-01;5;63A;04;04;;43000;
27;1415;MINNEAPOLIS W-2 P-02;5;63A;04;04;;43000;
27;1420;MINNEAPOLIS W-2 P-03;5;60B;04;04;;43000;
27;1425;MINNEAPOLIS W-2 P-04;5;60B;04;04;;43000;
27;1430;MINNEAPOLIS W-2 P-05;5;60B;04;04;;43000;
27;1435;MINNEAPOLIS W-2 P-06;5;60B;04;04;;43000;
27;1440;MINNEAPOLIS W-2 P-07;5;60B;04;04;;43000;
27;1445;MINNEAPOLIS W-2 P-08;5;63A;04;04;;43000;
27;1450;MINNEAPOLIS W-2 P-09;5;60B;04;04;;43000;
27;1455;MINNEAPOLIS W-2 P-10;5;60B;04;04;;43000;
27;1456;MINNEAPOLIS W-2 P-11;5;63A;04;04;;43000;
27;1460;MINNEAPOLIS W-3 P-01;5;60B;04;04;;43000;
27;1465;MINNEAPOLIS W-3 P-02;5;60B;04;04;;43000;
27;1470;MINNEAPOLIS W-3 P-03;5;60B;04;04;;43000;
27;1475;MINNEAPOLIS W-3 P-04;5;60A;02;04;;43000;
27;1480;MINNEAPOLIS W-3 P-05;5;60A;02;04;;43000;
27;1485;MINNEAPOLIS W-3 P-06;5;60A;02;04;;43000;
27;1490;MINNEAPOLIS W-3 P-07;5;59B;02;04;;43000;
27;1495;MINNEAPOLIS W-3 P-08;5;59B;04;04;;43000;
27;1500;MINNEAPOLIS W-3 P-09;5;59B;04;04;;43000;
27;1501;MINNEAPOLIS W-3 P-10;5;60A;02;04;;43000;
27;1502;MINNEAPOLIS W-3 P-11;5;59B;02;04;;43000;
27;1503;MINNEAPOLIS W-3 P-12;5;59B;04;04;;43000;
27;1504;MINNEAPOLIS W-3 P-13;5;60B;04;04;;43000;
27;1505;MINNEAPOLIS W-4 P-01;5;59A;02;04;;43000;
27;1510;MINNEAPOLIS W-4 P-02;5;59A;02;04;;43000;
27;1515;MINNEAPOLIS W-4 P-03;5;59A;02;04;;43000;
27;1520;MINNEAPOLIS W-4 P-04;5;59A;02;04;;43000;
27;1525;MINNEAPOLIS W-4 P-05;5;59A;02;04;;43000;
27;1530;MINNEAPOLIS W-4 P-06;5;59A;02;04;;43000;
27;1535;MINNEAPOLIS W-4 P-07;5;59A;02;04;;43000;
27;1540;MINNEAPOLIS W-4 P-08;5;59A;02;04;;43000;
27;1555;MINNEAPOLIS W-5 P-01;5;59B;02;04;;43000;
27;1560;MINNEAPOLIS W-5 P-02;5;59A;02;04;;43000;
27;1565;MINNEAPOLIS W-5 P-03;5;59B;02;04;;43000;
27;1570;MINNEAPOLIS W-5 P-04;5;59B;02;04;;43000;
27;1575;MINNEAPOLIS W-5 P-05;5;59B;02;04;;43000;
27;1580;MINNEAPOLIS W-5 P-06C;5;59B;02;04;;43000;
27;1585;MINNEAPOLIS W-5 P-07;5;59B;02;04;;43000;
27;1590;MINNEAPOLIS W-5 P-08;5;59A;02;04;;43000;
27;1595;MINNEAPOLIS W-5 P-09;5;59B;02;04;;43000;
27;1605;MINNEAPOLIS W-6 P-01;5;63A;04;04;;43000;
27;1610;MINNEAPOLIS W-6 P-02;5;60B;04;04;;43000;
27;1615;MINNEAPOLIS W-6 P-03;5;60B;04;04;;43000;
27;1620;MINNEAPOLIS W-6 P-04;5;59B;04;04;;43000;
27;1625;MINNEAPOLIS W-6 P-05;5;62A;04;04;;43000;
27;1630;MINNEAPOLIS W-6 P-06;5;62A;04;04;;43000;
27;1635;MINNEAPOLIS W-6 P-07;5;62A;04;04;;43000;
27;1640;MINNEAPOLIS W-6 P-08;5;62A;04;04;;43000;
27;1642;MINNEAPOLIS W-6 P-09;5;62A;03;04;;43000;
27;1645;MINNEAPOLIS W-7 P-01C;5;59B;02;04;;43000;
27;1650;MINNEAPOLIS W-7 P-02D;5;61A;03;04;;43000;
27;1655;MINNEAPOLIS W-7 P-03;5;61A;03;04;;43000;
27;1660;MINNEAPOLIS W-7 P-04D;5;61A;03;04;;43000;
27;1665;MINNEAPOLIS W-7 P-05;5;61A;03;04;;43000;
27;1670;MINNEAPOLIS W-7 P-06;5;59B;03;04;;43000;
27;1675;MINNEAPOLIS W-7 P-07;5;61A;02;04;;43000;
27;1680;MINNEAPOLIS W-7 P-08;5;61A;03;04;;43000;
27;1685;MINNEAPOLIS W-7 P-09;5;61A;03;04;;43000;
27;1690;MINNEAPOLIS W-7 P-10;5;62A;03;04;;43000;
27;1700;MINNEAPOLIS W-8 P-01;5;62B;03;04;;43000;
27;1705;MINNEAPOLIS W-8 P-02;5;62B;03;04;;43000;
27;1710;MINNEAPOLIS W-8 P-03;5;62B;04;04;;43000;
27;1715;MINNEAPOLIS W-8 P-04;5;62B;04;04;;43000;
27;1720;MINNEAPOLIS W-8 P-05;5;62B;04;04;;43000;
27;1725;MINNEAPOLIS W-8 P-06;5;62B;03;04;;43000;
27;1730;MINNEAPOLIS W-8 P-07;5;62B;03;04;;43000;
27;1735;MINNEAPOLIS W-8 P-08;5;63A;04;04;;43000;
27;1750;MINNEAPOLIS W-9 P-01;5;62B;04;04;;43000;
27;1755;MINNEAPOLIS W-9 P-02;5;62B;04;04;;43000;
27;1760;MINNEAPOLIS W-9 P-03;5;62A;04;04;;43000;
27;1765;MINNEAPOLIS W-9 P-04;5;62A;04;04;;43000;
27;1770;MINNEAPOLIS W-9 P-05;5;62A;04;04;;43000;
27;1775;MINNEAPOLIS W-9 P-06;5;63A;04;04;;43000;
27;1780;MINNEAPOLIS W-9 P-07;5;62B;04;04;;43000;
27;1785;MINNEAPOLIS W-9 P-08;5;63A;04;04;;43000;
27;1790;MINNEAPOLIS W-9 P-09;5;62B;04;04;;43000;
27;1805;MINNEAPOLIS W-10 P-01;5;61A;03;04;;43000;
27;1810;MINNEAPOLIS W-10 P-02;5;61A;03;04;;43000;
27;1815;MINNEAPOLIS W-10 P-03A;5;61B;03;04;;43000;
27;1817;MINNEAPOLIS W-10 P-03B;5;61A;03;04;;43000;
27;1820;MINNEAPOLIS W-10 P-04;5;61B;03;04;;43000;
27;1825;MINNEAPOLIS W-10 P-05A;5;61B;03;04;;43000;
27;1827;MINNEAPOLIS W-10 P-05B;5;61A;03;04;;43000;
27;1830;MINNEAPOLIS W-10 P-06;5;61B;03;04;;43000;
27;1835;MINNEAPOLIS W-10 P-07;5;62A;03;04;;43000;
27;1840;MINNEAPOLIS W-10 P-08;5;62A;03;04;;43000;
27;1845;MINNEAPOLIS W-10 P-09;5;62A;03;04;;43000;
27;1850;MINNEAPOLIS W-10 P-10;5;62A;03;04;;43000;
27;1855;MINNEAPOLIS W-10 P-11;5;61A;03;04;;43000;
27;1860;MINNEAPOLIS W-11 P-01;5;62B;03;04;;43000;
27;1865;MINNEAPOLIS W-11 P-02;5;61B;03;04;;43000;
27;1870;MINNEAPOLIS W-11 P-03;5;61B;03;04;;43000;
27;1875;MINNEAPOLIS W-11 P-04;5;63B;04;04;;43000;
27;1880;MINNEAPOLIS W-11 P-05;5;61B;04;04;;43000;
27;1885;MINNEAPOLIS W-11 P-06;5;63B;04;04;;43000;
27;1890;MINNEAPOLIS W-11 P-07;5;63B;04;04;;43000;
27;1895;MINNEAPOLIS W-11 P-08;5;63B;04;04;;43000;
27;1900;MINNEAPOLIS W-11 P-09;5;63B;04;04;;43000;
27;1902;MINNEAPOLIS W-11 P-10;5;61B;03;04;;43000;
27;1905;MINNEAPOLIS W-12 P-01;5;63A;04;04;;43000;
27;1910;MINNEAPOLIS W-12 P-02;5;63A;04;04;;43000;
27;1915;MINNEAPOLIS W-12 P-03;5;63A;04;04;;43000;
27;1920;MINNEAPOLIS W-12 P-04;5;63A;04;04;;43000;
27;1925;MINNEAPOLIS W-12 P-05;5;63B;04;04;;43000;
27;1930;MINNEAPOLIS W-12 P-06;5;63B;04;04;;43000;
27;1935;MINNEAPOLIS W-12 P-07;5;63A;04;04;;43000;
27;1940;MINNEAPOLIS W-12 P-08;5;63A;04;04;;43000;
27;1945;MINNEAPOLIS W-12 P-09;5;63A;04;04;;43000;
27;1950;MINNEAPOLIS W-12 P-10;5;63B;04;04;;43000;
27;1955;MINNEAPOLIS W-12 P-11;5;63B;04;04;;43000;
27;1956;MINNEAPOLIS W-12 P-12;5;63A;04;04;;43000;
27;1957;MINNEAPOLIS W-12 P-13;5;63B;04;04;;43000;
27;1960;MINNEAPOLIS W-13 P-01;5;61A;03;04;;43000;
27;1965;MINNEAPOLIS W-13 P-02;5;61A;03;04;;43000;
27;1970;MINNEAPOLIS W-13 P-03;5;61A;03;04;;43000;
27;1975;MINNEAPOLIS W-13 P-04;5;61A;03;04;;43000;
27;1980;MINNEAPOLIS W-13 P-05;5;61A;03;04;;43000;
27;1985;MINNEAPOLIS W-13 P-06;5;61B;03;04;;43000;
27;1990;MINNEAPOLIS W-13 P-07;5;61B;03;04;;43000;
27;1995;MINNEAPOLIS W-13 P-08;5;61B;03;04;;43000;
27;2000;MINNEAPOLIS W-13 P-09;5;61B;03;04;;43000;
27;2005;MINNEAPOLIS W-13 P-10;5;61B;03;04;;43000;
27;2010;MINNEAPOLIS W-13 P-11;5;61A;03;04;;43000;
27;2015;MINNEAPOLIS W-13 P-12;5;61B;03;04;;43000;
27;2020;MINNEAPOLIS W-13 P-13;5;61B;03;04;;43000;
27;2090;MINNETONKA W-1 P-A;3;48A;06;04;;43252;
27;2095;MINNETONKA W-1 P-B;3;49B;06;04;;43252;
27;2100;MINNETONKA W-1 P-C;3;49B;06;04;;43252;
27;2105;MINNETONKA W-1 P-D;3;48A;06;04;;43252;
27;2110;MINNETONKA W-1 P-E;3;44B;06;04;;43252;
27;2115;MINNETONKA W-1 P-F;3;44B;06;04;;43252;
27;2120;MINNETONKA W-2 P-A;3;44B;06;04;;43252;
27;2125;MINNETONKA W-2 P-B;3;44B;06;04;;43252;
27;2130;MINNETONKA W-2 P-C;3;44B;06;04;;43252;
27;2135;MINNETONKA W-2 P-D;3;44B;06;04;;43252;
27;2140;MINNETONKA W-2 P-E;3;44B;06;04;;43252;
27;2145;MINNETONKA W-3 P-A;3;44B;06;04;;43252;
27;2150;MINNETONKA W-3 P-B;3;44B;06;04;;43252;
27;2155;MINNETONKA W-3 P-C;3;44B;06;04;;43252;
27;2160;MINNETONKA W-3 P-D;3;44B;06;04;;43252;
27;2165;MINNETONKA W-3 P-E;3;44B;06;04;;43252;
27;2170;MINNETONKA W-3 P-F;3;48A;06;04;;43252;
27;2185;MINNETONKA W-4 P-A;3;48A;06;04;;43252;
27;2190;MINNETONKA W-4 P-B;3;48A;06;04;;43252;
27;2195;MINNETONKA W-4 P-C;3;48A;06;04;;43252;
27;2200;MINNETONKA W-4 P-D;3;48A;06;04;;43252;
27;2205;MINNETONKA W-4 P-E;3;48A;06;04;;43252;
27;2210;MINNETONKA W-4 P-F;3;48A;06;04;;43252;
27;2765;ST ANTHONY P-01;5;41B;02;04;;56680;
27;2770;ST ANTHONY P-02;5;41B;02;04;;56680;
27;2790;ST LOUIS PARK W-1 P-01;5;46A;03;04;;57220;
27;2795;ST LOUIS PARK W-1 P-02;5;46A;03;04;;57220;
27;2800;ST LOUIS PARK W-1 P-03;5;46B;03;04;;57220;
27;2805;ST LOUIS PARK W-1 P-04;5;46B;03;04;;57220;
27;2810;ST LOUIS PARK W-2 P-05;5;46B;03;04;;57220;
27;2815;ST LOUIS PARK W-2 P-06;5;46B;03;04;;57220;
27;2820;ST LOUIS PARK W-2 P-07;5;46B;03;04;;57220;
27;2825;ST LOUIS PARK W-2 P-08;5;46B;03;04;;57220;
27;2830;ST LOUIS PARK W-3 P-09;5;46B;03;04;;57220;
27;2835;ST LOUIS PARK W-3 P-10;5;46B;03;04;;57220;
27;2840;ST LOUIS PARK W-3 P-11;5;46B;03;04;;57220;
27;2845;ST LOUIS PARK W-3 P-12;5;46A;03;04;;57220;
27;2850;ST LOUIS PARK W-4 P-13;5;46A;03;04;;57220;
27;2855;ST LOUIS PARK W-4 P-14;5;46A;03;04;;57220;
27;2860;ST LOUIS PARK W-4 P-15;5;46A;03;04;;57220;
27;2865;ST LOUIS PARK W-4 P-16;5;46A;03;04;;57220;
27;8178;ISD 11 SB5 P1 - EVERGREEN PARK ELEMENTARY;;;;;;;0011
27;8179;ISD 11 SB5 P2 - WAYCROSS EVANGELICAL CHURCH;;;;;;;0011
27;8180;ISD 11 SB5 P3 - EDINBROOK CHURCH;;;;;;;0011
27;8182;ISD 11 SB3 P1 - DAYTON PUBLIC WORKS;;;;;;;0011
27;8183;ISD 11 SB3 P2 - SERVANT OF CHRIST LUTH CHURCH;;;;;;;0011
27;8266;ISD 280 - MOUNT CALVARY CHURCH ED BLDG;;;;;;;0280
27;8267;ISD 280 - ST PETERS CATHOLIC CHURCH;;;;;;;0280
27;8268;ISD 280 - SHERIDAN HILLS SCHOOL;;;;;;;0280
27;8269;ISD 280 - ST RICHARDS CATHOLIC CHURCH;;;;;;;0280
27;8270;ISD 280 - RICHFIELD MIDDLE SCHOOL;;;;;;;0280
27;8271;ISD 280 - CENTRAL SCHOOL;;;;;;;0280
27;8272;ISD 280 - HOPE PRESBYTERIAN EDUCATION FACILITY;;;;;;;0280
27;8273;ISD 280 - RICHFIELD DUAL LANGUAGE SCHOOL;;;;;;;0280
27;8274;ISD 280 - CENTENNIAL SCHOOL;;;;;;;0280
27;8283;ISD 272 - IMMANUEL LUTHERAN CHURCH;;;;;;;0272
27;8284;ISD 272 - ST ANDREW LUTHERAN CHURCH;;;;;;;0272
27;8285;ISD 272 - PRAIRIE LUTHERAN CHURCH;;;;;;;0272
27;8286;ISD 272 - GRACE CHURCH;;;;;;;0272
27;8287;ISD 273 - CHAPEL HILLS CHURCH;;;;;;;0273
27;8288;ISD 273 - HIGHLANDS ELEMENTARY SCHOOL;;;;;;;0273
27;8289;ISD 273 - MERCY COMMONS COVENANT CHURCH;;;;;;;0273
27;8290;ISD 273 - EDINA MORNINGSIDE CHURCH;;;;;;;0273
27;8291;ISD 273 - GOOD SAMARITAN METHODIST CHURCH;;;;;;;0273
27;8292;ISD 273 - COUNTRYSIDE ELEMENTARY SCHOOL;;;;;;;0273
27;8293;ISD 273 - NORMANDALE LUTHERAN CHURCH;;;;;;;0273
27;8294;ISD 273 - SOUTH VIEW MIDDLE SCHOOL;;;;;;;0273
27;8295;ISD 273 - CONCORD ELEMENTARY SCHOOL;;;;;;;0273
27;8297;ISD 273 - NEW CITY COVENANT CHURCH;;;;;;;0273
27;8298;ISD 273 - CORNELIA ELEMENTARY SCHOOL;;;;;;;0273
27;8299;ISD 273 - CHURCH OF ST PATRICK;;;;;;;0273
27;8300;ISD 273 - ARNESON ACRES PARK;;;;;;;0273
27;8301;ISD 273 - CALVARY LUTHERAN CHURCH;;;;;;;0273
27;8309;ISD 284 - WAYZATA CITY HALL;;;;;;;0284
27;8310;ISD 284 - PEACE LUTHERAN CHURCH OF PLYMOUTH;;;;;;;0284
27;8311;ISD 284 - FOURTH BAPTIST CHURCH;;;;;;;0284
27;8312;ISD 284 - WAYZATA HIGH SCHOOL;;;;;;;0284
27;8313;ISD 284 - PLYMOUTH CITY HALL;;;;;;;0284
27;8319;ISD 277 - MT OLIVE LUTHERAN CHURCH;;;;;;;0277
27;8338;ISD 270 - CROSS OF GLORY BAPTIST CHURCH (EPR P-8);;;;;;;0270
27;8339;ISD 270 - ALL SAINTS LUTHERAN (EPR P-2);;;;;;;0270
27;8345;ISD 270 - SHEPHERD OF HILLS LUTHERAN CHURCH;;;;;;;0270
27;8350;ISD 276 - DEEPHAVEN CITY HALL;;;;;;;0276
27;8352;ISD 276 - EXCELSIOR COVENANT CHURCH;;;;;;;0276
27;8353;ISD 276 - SHOREWOOD COMMUNITY & EVENT CENTER;;;;;;;0276
27;8838;ISD 283 - VISTA LUTHERAN CHURCH (EDINA);;;;;;;0283
27;9002;ISD 277 - WESTONKA EDUCATIONAL SERV CTR;;;;;;;0277
27;9358;ISD 11 SB3 P3 - CHAMPLIN ICE FORUM;;;;;;;0011
27;9383;ISD 11 SB5 P4 - OXBOW CREEK ELEMENTARY SCHOOL;;;;;;;0011
27;9384;ISD 276 MINNETONKA DIST SRVC CTR;;;;;;;0276
27;9398;ISD 273 - EDINA COMMUNITY LUTHERAN CHURCH;;;;;;;0273
27;9414;ISD 270 - BROOKVIEW (PLYMOUTH);;;;;;;0270
27;9497;ISD 273 - ST ALBANS EPISCOPAL CHURCH;;;;;;;0273
27;9749;ISD 276 - MINNEWASHTA CHURCH;;;;;;;0276
27;9825;ISD 11 SB3 P4 - JACKSON MIDDLE SCHOOL;;;;;;;0011
28;9058;ISD NO. 299 CALEDONIA;;;;;;;0299
29;8770;HORACE MAY SCHOOL SD 31 BEMIDJI-HUBBARD;;;;;;;0031
30;9144;ISD #477 - WYANETT TOWN HALL - ISANTI CO;;;;;;;0477
30;9145;ISD #477 - SPENCER BROOK TOWN HALL - ISANTI CO;;;;;;;0477
30;9235;ISD 138 - MAIN ST CHURCH;;;;;;;0138
30;9236;ISD 911 CAMBRIDGE-ISANTI - CAMBRIDGE CITY CTR MALL;;;;;;;0911
30;9237;ISD 911 ISANTI COMMUNITY CENTER;;;;;;;0911
33;8021;ISD #333 OLGIVIE SCHOOLS;;;;;;;0333
33;8643;ISD 333-OGILVIE PUBLIC SCHOOLS;;;;;;;0333
34;8722;ISD 741 - PAYNESVILLE AREA CENTER;;;;;;;0741
34;9344;ISD 345 NEW LONDON-SPICER PRAIRIE MEADOWS SCHOOL;;;;;;;0345
34;9345;ISD 345 NEW LONDON-SPICER NEW LONDON TOWN HALL;;;;;;;0345
34;9773;ISD 2534 LAKE LILLIAN CITY CENTER KANDIYOHI COUNT;;;;;;;2534
37;8836;ISD NO. 378 DAWSON-BOYD;;;;;;;0378
37;9813;ISD NO. 2853 LAC QUI PARLE VALLEY;;;;;;;2853
39;8574;WARROAD SCHOOL DIST;;;;;;;0690
40;8849;ISD #508 - KASOTA COMMUNITY CTR;;;;;;;0508
41;8873;ISD NO. 403 IVANHOE;;;;;;;0403
45;8547;ISD 2683 MIDDLE RIVER SCHOOL BUILDING LIBRARY;;;;;;;2683
45;9335;ISD NO. 447 GRYGLA;;;;;;;0447
47;8741;ISD 741 - PAYNESVILLE ELEM SCHOOL;;;;;;;0741
48;9142;ISD 477;;;;;;;0477
49;8128;HOLDINGFORD SCHOOL;;;;;;;0738
50;8110;ISD NO. 497 LYLE;;;;;;;0497
52;0120;ST PETER W-1 P-1;1;19A;01;05;6103;58036;
52;0125;ST PETER W-1 P-2;1;19A;01;05;6103;58036;
52;0130;ST PETER W-2 P-1;1;19A;02;05;6103;58036;
52;0135;ST PETER W-2 P-2;1;19A;02;05;6103;58036;
52;8704;ISD NO. 507 NICOLLET;;;;;;;0507
52;8705;ISD #508 - OLD DISTRICT OFFICE;;;;;;;0508
56;9102;OTTER TAIL - ISD 846 BRECKENRIDGE HIGH SCHOOL;;;;;;;0846
57;9300;ISD NO. 564 THIEF RIVER FALLS;;;;;;;0564
60;9341;ISD NO. 592 CLIMAX-SHELLY;;;;;;;0592
62;0060;FALCON HEIGHTS P-1;4;66A;03;02;;20420;
62;0070;FALCON HEIGHTS P-2;4;66A;03;02;;20420;
62;0530;ST ANTHONY P-1;5;41B;02;02;;56680;
62;0540;ST. PAUL W-1 P-01;4;64A;04;02;;58000;
62;0550;ST. PAUL W-1 P-02;4;65A;04;02;;58000;
62;0560;ST. PAUL W-1 P-03;4;65A;03;02;;58000;
62;0570;ST. PAUL W-1 P-04;4;65A;03;02;;58000;
62;0580;ST. PAUL W-1 P-05;4;65A;04;02;;58000;
62;0590;ST. PAUL W-1 P-06;4;65A;04;02;;58000;
62;0600;ST. PAUL W-1 P-07;4;64A;04;02;;58000;
62;0610;ST. PAUL W-1 P-08;4;65A;04;02;;58000;
62;0620;ST. PAUL W-1 P-09;4;65A;03;02;;58000;
62;0630;ST. PAUL W-1 P-10;4;65B;03;02;;58000;
62;0640;ST. PAUL W-1 P-11;4;65A;04;02;;58000;
62;0650;ST. PAUL W-1 P-12;4;65B;04;02;;58000;
62;0660;ST. PAUL W-1 P-13;4;64A;04;02;;58000;
62;0670;ST. PAUL W-1 P-14;4;65B;05;02;;58000;
62;0675;ST. PAUL W-1 P-15;4;65A;03;02;;58000;
62;0678;ST. PAUL W-1 P-16;4;66B;03;02;;58000;
62;0680;ST. PAUL W-2 P-01;4;64A;04;02;;58000;
62;0690;ST. PAUL W-2 P-02;4;64A;04;02;;58000;
62;0700;ST. PAUL W-2 P-03;4;65B;05;02;;58000;
62;0710;ST. PAUL W-2 P-04;4;64A;04;02;;58000;
62;0720;ST. PAUL W-2 P-05;4;65B;05;02;;58000;
62;0730;ST. PAUL W-2 P-06;4;64B;05;02;;58000;
62;0740;ST. PAUL W-2 P-07;4;65B;05;02;;58000;
62;0750;ST. PAUL W-2 P-08;4;65B;05;02;;58000;
62;0760;ST. PAUL W-2 P-09;4;65B;05;02;;58000;
62;0770;ST. PAUL W-2 P-10;4;67B;05;02;;58000;
62;0780;ST. PAUL W-2 P-11;4;65B;05;02;;58000;
62;0790;ST. PAUL W-2 P-12;4;65B;05;02;;58000;
62;0800;ST. PAUL W-2 P-13;4;65B;05;02;;58000;
62;0810;ST. PAUL W-2 P-14;4;65B;05;02;;58000;
62;0820;ST. PAUL W-2 P-15;4;65B;05;02;;58000;
62;0840;ST. PAUL W-3 P-01;4;64B;04;02;;58000;
62;0850;ST. PAUL W-3 P-02;4;64B;04;02;;58000;
62;0860;ST. PAUL W-3 P-03;4;64B;05;02;;58000;
62;0870;ST. PAUL W-3 P-04;4;64B;05;02;;58000;
62;0880;ST. PAUL W-3 P-05;4;64B;05;02;;58000;
62;0890;ST. PAUL W-3 P-06;4;64B;05;02;;58000;
62;0900;ST. PAUL W-3 P-07;4;64A;04;02;;58000;
62;0910;ST. PAUL W-3 P-08;4;64B;05;02;;58000;
62;0920;ST. PAUL W-3 P-09;4;64B;05;02;;58000;
62;0930;ST. PAUL W-3 P-10;4;64B;05;02;;58000;
62;0940;ST. PAUL W-3 P-11;4;64B;05;02;;58000;
62;0950;ST. PAUL W-3 P-12;4;64A;04;02;;58000;
62;0960;ST. PAUL W-3 P-13;4;64B;04;02;;58000;
62;0970;ST. PAUL W-3 P-14;4;64B;05;02;;58000;
62;1000;ST. PAUL W-4 P-01;4;64A;04;02;;58000;
62;1010;ST. PAUL W-4 P-02;4;66A;04;02;;58000;
62;1020;ST. PAUL W-4 P-03;4;64A;04;02;;58000;
62;1030;ST. PAUL W-4 P-04;4;64A;04;02;;58000;
62;1040;ST. PAUL W-4 P-05;4;64A;04;02;;58000;
62;1050;ST. PAUL W-4 P-06;4;64A;04;02;;58000;
62;1060;ST. PAUL W-4 P-07;4;64B;04;02;;58000;
62;1070;ST. PAUL W-4 P-08;4;64A;04;02;;58000;
62;1080;ST. PAUL W-4 P-09;4;64A;04;02;;58000;
62;1090;ST. PAUL W-4 P-10;4;64A;04;02;;58000;
62;1100;ST. PAUL W-4 P-11;4;66A;03;02;;58000;
62;1110;ST. PAUL W-4 P-12;4;66B;03;02;;58000;
62;1120;ST. PAUL W-4 P-13;4;66B;03;02;;58000;
62;1130;ST. PAUL W-4 P-14;4;65A;04;02;;58000;
62;1140;ST. PAUL W-4 P-15;4;65A;03;02;;58000;
62;1160;ST. PAUL W-5 P-01;4;66A;03;02;;58000;
62;1170;ST. PAUL W-5 P-02;4;66B;03;02;;58000;
62;1180;ST. PAUL W-5 P-03;4;66B;03;02;;58000;
62;1190;ST. PAUL W-5 P-04;4;66B;03;02;;58000;
62;1200;ST. PAUL W-5 P-05;4;66B;03;02;;58000;
62;1210;ST. PAUL W-5 P-06;4;65A;03;02;;58000;
62;1220;ST. PAUL W-5 P-07;4;65B;03;02;;58000;
62;1230;ST. PAUL W-5 P-08;4;66B;03;02;;58000;
62;1240;ST. PAUL W-5 P-09;4;66B;03;02;;58000;
62;1250;ST. PAUL W-5 P-10;4;67B;05;02;;58000;
62;1290;ST. PAUL W-6 P-01;4;66B;06;02;;58000;
62;1300;ST. PAUL W-6 P-02;4;67A;06;02;;58000;
62;1310;ST. PAUL W-6 P-03;4;67A;06;02;;58000;
62;1320;ST. PAUL W-6 P-04;4;67A;06;02;;58000;
62;1330;ST. PAUL W-6 P-05;4;67A;06;02;;58000;
62;1340;ST. PAUL W-6 P-06;4;67A;06;02;;58000;
62;1350;ST. PAUL W-6 P-07;4;66B;06;02;;58000;
62;1360;ST. PAUL W-6 P-08;4;67A;06;02;;58000;
62;1370;ST. PAUL W-6 P-09;4;67A;06;02;;58000;
62;1380;ST. PAUL W-6 P-10;4;67A;06;02;;58000;
62;1390;ST. PAUL W-6 P-11;4;67A;07;02;;58000;
62;1400;ST. PAUL W-6 P-12;4;67A;06;02;;58000;
62;1430;ST. PAUL W-7 P-01;4;67B;05;02;;58000;
62;1440;ST. PAUL W-7 P-02;4;67A;06;02;;58000;
62;1450;ST. PAUL W-7 P-03;4;67B;06;02;;58000;
62;1460;ST. PAUL W-7 P-04;4;67B;06;02;;58000;
62;1470;ST. PAUL W-7 P-05;4;67B;05;02;;58000;
62;1480;ST. PAUL W-7 P-06;4;67B;06;02;;58000;
62;1490;ST. PAUL W-7 P-07;4;67B;06;02;;58000;
62;1500;ST. PAUL W-7 P-08;4;67B;06;02;;58000;
62;1510;ST. PAUL W-7 P-09;4;67B;06;02;;58000;
62;1520;ST. PAUL W-7 P-10;4;67B;06;02;;58000;
62;1530;ST. PAUL W-7 P-11;4;67B;06;02;;58000;
62;1540;ST. PAUL W-7 P-12;4;67B;06;02;;58000;
62;1550;ST. PAUL W-7 P-13;4;67B;06;02;;58000;
62;1740;WHITE BEAR LAKE W-1 P-1;4;38B;07;02;;69970;
62;1750;WHITE BEAR LAKE W-2 P-1;4;38B;07;02;;69970;
62;1760;WHITE BEAR LAKE W-3 P-1;4;38B;07;02;;69970;
62;1765;WHITE BEAR LAKE W-3 P-2;4;43A;07;02;;69970;
62;1770;WHITE BEAR LAKE W-4 P-1;4;43A;07;02;;69970;
62;1780;WHITE BEAR LAKE W-5 P-1;4;43A;07;02;;69970;
62;8201;ISD 624-WHITE BEAR TWP P-1 OTTER LAKE ELEMENTARY;;;;;;;0624
62;8202;ISD 624-GEM LAKE P-1 HERITAGE HALL;;;;;;;0624
62;8203;ISD 621-NORTH OAKS P-1 NORTH OAKS CITY HALL;;;;;;;0621
62;8205;ISD 623-LITTLE CANADA P-1 ROSEVILLE AREA MIDDLE SC;;;;;;;0623
62;8413;ISD 623-ROSEVILLE P-07 ST. CHRISTOPHER EPISCOPAL;;;;;;;0623
62;8482;ISD 621-ARDEN HILLS P-2 BETHEL UNIV-ANDERSON CTR;;;;;;;0621
62;8483;ISD 621-ARDEN HILLS P-3 NORTH HEIGHTS LUTHERAN CH;;;;;;;0621
62;8485;ISD 621-NEW BRIGHTON P-3 ST. JOHN THE BAPTIST CATH;;;;;;;0621
62;8488;ISD 621-NEW BRIGHTON P-1 NEW BRIGHTON COMM CENTER;;;;;;;0621
62;8489;ISD 621-NEW BRIGHTON P-5 NEW BRIGHTON COMM CENTER;;;;;;;0621
62;8490;ISD 621-NEW BRIGHTON P-7 GRACEPOINT CHURCH;;;;;;;0621
62;8491;ISD 621-ROSEVILLE P-01 ROSEVILLE COVENANT CHURCH;;;;;;;0621
62;8493;ISD 621-SHOREVIEW P-2 SHOREVIEW COMMUNITY CENTER;;;;;;;0621
62;8494;ISD 621-SHOREVIEW P-3 SHOREVIEW CITY HALL;;;;;;;0621
62;8495;ISD 621-SHOREVIEW P-4 SHOREVIEW COMMUNITY CENTER;;;;;;;0621
62;8496;ISD 621-SHOREVIEW P-5 INCARNATION LUTHERAN CHURCH;;;;;;;0621
62;8497;ISD 621-SHOREVIEW P-6 LAKE JOHANNA FIRE DEPT NO. 3;;;;;;;0621
62;8892;ISD 623-LAUDERDALE P-1 LAUDERDALE CITY HALL;;;;;;;0623
62;8893;ISD 623-MAPLEWOOD P-01 EDGERTON ELEMENTARY SCHOOL;;;;;;;0623
62;8897;ISD 624-WHITE BEAR TWP P-2 LAKESHORE PLAYERS THTR;;;;;;;0624
62;8898;ISD 624-VADNAIS HEIGHTS P-1 VADNAIS HTS COMMONS;;;;;;;0624
62;9035;ISD 624-VADNAIS HEIGHTS P-4 VH SOUTH FIRE STATION;;;;;;;0624
62;9041;ISD 623-ROSEVILLE P-03 PRINCE OF PEACE LUTHERAN CH;;;;;;;0623
62;9042;ISD 623-ROSEVILLE P-04 NORTH HEIGHTS LUTHERAN CH;;;;;;;0623
62;9043;ISD 623-ROSEVILLE P-05 CORPUS CHRISTI CATHOLIC CH;;;;;;;0623
62;9044;ISD 623-ROSEVILLE P-06 RAMSEY COUNTY LIBRARY-RSVL;;;;;;;0623
62;9045;ISD 623-ROSEVILLE P-08 CENTRAL PARK ELEMENTARY SCH;;;;;;;0623
62;9046;ISD 623-ROSEVILLE P-09 ROSEVILLE LUTHERAN CHURCH;;;;;;;0623
62;9047;ISD 623-ROSEVILLE P-10 GALILEE EVANGELICAL LUTH CH;;;;;;;0623
62;9050;ISD 623-MAPLEWOOD P-02 EDGERTON ELEMENTARY SCHOOL;;;;;;;0623
62;9247;ISD 624-WHITE BEAR TWP P-3 SOUTH SHORE TRINITY LUT;;;;;;;0624
62;9290;ISD 624-LITTLE CANADA P-2 LITTLE CANADA ELEMENTARY;;;;;;;0624
62;9420;ISD 624-VADNAIS HEIGHTS P-2 VADNAIS HTS COMMONS;;;;;;;0624
62;9421;ISD 624-VADNAIS HEIGHTS P-3 VADNAIS HTS COMMONS;;;;;;;0624
62;9423;ISD 624-WHITE BEAR TWP P-4 HERITAGE HALL;;;;;;;0624
62;9424;ISD 624-NORTH OAKS P-2 NORTH OAKS CITY HALL;;;;;;;0624
62;9425;ISD 621-NORTH OAKS P-2 NORTH OAKS CITY HALL;;;;;;;0621
62;9426;ISD 621-WHITE BEAR TWP P-1 OTTER LAKE ELEMENTARY;;;;;;;0621
62;9427;ISD 621-ROSEVILLE P-02 ROSEVILLE COVENANT CHURCH;;;;;;;0621
62;9428;ISD 623-LITTLE CANADA P-2 LITTLE CANADA ELEMENTARY;;;;;;;0623
62;9429;ISD 623-LITTLE CANADA P-3 LITTLE CANADA CITY CTR;;;;;;;0623
62;9430;ISD 623-SHOREVIEW P-1 LUTH CHURCH OF RESURRECTION;;;;;;;0623
62;9431;ISD 624-MAPLEWOOD P-08 RAMSEY CO LIBRARY-MAPLEWOOD;;;;;;;0624
62;9432;ISD 282-NEW BRIGHTON P-2 ST. JOHN THE BAPTIST CATH;;;;;;;0282
62;9518;ISD 621-NEW BRIGHTON P-4 UNITED CHURCH OF CHRIST;;;;;;;0621
62;9519;ISD 621-NEW BRIGHTON P-6 UNITED CHURCH OF CHRIST;;;;;;;0621
62;9520;ISD 621-NEW BRIGHTON P-8 GRACEPOINT CHURCH;;;;;;;0621
62;9579;ISD 621-ARDEN HILLS P-1 PRESB CHURCH OF THE WAY;;;;;;;0621
62;9580;ISD 623-ARDEN HILLS P-1 PRESB CHURCH OF THE WAY;;;;;;;0623
62;9581;ISD 621-VADNAIS HEIGHTS P-1 VADNAIS HTS COMMONS;;;;;;;0621
"62;9679;ISD 621-MOUNDS VIEW, SPRING LAKE PARK 1R, BLN 1-9;;;;;;;0621"
62;9756;ISD 622-MAPLEWOOD P-08 RAMSEY CO LIBRARY-MAPLEWOOD;;;;;;;0622
62;9757;ISD 622-NORTH ST. PAUL P-1 RIVER OF GOD CHURCH;;;;;;;0622
62;9758;ISD 622-NORTH ST. PAUL P-2 NORTH PRESBYTERIAN CH;;;;;;;0622
62;9759;ISD 622-MAPLEWOOD P-03 GLADSTONE COMMUNITY CENTER;;;;;;;0622
62;9760;ISD 622-MAPLEWOOD P-04 WAKEFIELD PARK COMM BLDG;;;;;;;0622
62;9761;ISD 622-MAPLEWOOD P-05 MAPLEWOOD COMM CENTER/YMCA;;;;;;;0622
62;9762;ISD 622-MAPLEWOOD P-06 REDEEMING LOVE CHURCH;;;;;;;0622
62;9763;ISD 622-MAPLEWOOD P-07 FIRST EVANGELICAL FREE CH;;;;;;;0622
62;9764;ISD 622-MAPLEWOOD P-09 MAPLEWOOD MIDDLE SCHOOL;;;;;;;0622
62;9765;ISD 622-MAPLEWOOD P-10 EAST METRO PUBLIC TRNG CTR;;;;;;;0622
62;9766;ISD 622-MAPLEWOOD P-11 BEAVER LAKE EDUCATION CTR;;;;;;;0622
62;9767;ISD 622-MAPLEWOOD P-12 CARVER ELEMENTARY SCHOOL;;;;;;;0622
62;9768;ISD 622-MAPLEWOOD P-13 LUTHERAN CHURCH OF PEACE;;;;;;;0622
62;9769;ISD 622-NORTH ST. PAUL P-3 COWERN SCHOOL;;;;;;;0622
62;9770;ISD 622-NORTH ST. PAUL P-4 RICHARDSON SCHOOL GYM;;;;;;;0622
64;8186;ISD NO. 2897 REDWOOD AREA;;;;;;;2897
65;0160;SACRED HEART;7;17A;05;08;6133;56572;
65;9244;ISD NO. 2890 RENVILLE COUNTY WEST;;;;;;;2890
65;9841;ISD 2534 - BIRD ISLAND MUNICIPAL BUILDING;;;;;;;2534
65;9842;ISD 2534 - OLIVIA PUBLIC LIBRARY;;;;;;;2534
66;0060;LONSDALE CITY;1;20B;05;03;7131;38150;
"67;8304;ISD 671 HILLS, MARTIN TWP, CLINTON TWP, STEEN;;;;;;;0671"
"67;8305;ISD 671 BEAVER CREEK, BEAVER CREEK TWP, SPRINGWATE;;;;;;;0671"
68;8440;SCHOOL DISTRICT 690;;;;;;;0690
68;8725;ISD 2683 - GREENBUSH SCHL BLDG LIBRARY;;;;;;;2683
69;0140;DULUTH P-1;8;7A;02;06;3138;17000;
69;0145;DULUTH P-2;8;7A;02;06;3138;17000;
69;0150;DULUTH P-3;8;7A;02;06;3138;17000;
69;0155;DULUTH P-4;8;7A;02;06;3138;17000;
69;0160;DULUTH P-5;8;7A;02;06;3138;17000;
69;0165;DULUTH P-6;8;7A;02;06;3138;17000;
69;0170;DULUTH P-7;8;7A;02;06;3138;17000;
69;0175;DULUTH P-8;8;7A;02;06;3138;17000;
69;0180;DULUTH P-9;8;7A;02;06;3138;17000;
69;0190;DULUTH P-10;8;7A;01;06;3138;17000;
69;0195;DULUTH P-11;8;3B;01;06;3138;17000;
69;0200;DULUTH P-12;8;7A;01;06;3138;17000;
69;0205;DULUTH P-13;8;7A;02;06;3138;17000;
69;0210;DULUTH P-14;8;7A;02;06;3138;17000;
69;0215;DULUTH P-15;8;7A;01;06;3138;17000;
69;0220;DULUTH P-16;8;7B;01;06;3138;17000;
69;0230;DULUTH P-17;8;7A;01;06;3138;17000;
69;0240;DULUTH P-18;8;7B;01;06;3138;17000;
69;0245;DULUTH P-19;8;7B;01;06;3138;17000;
69;0250;DULUTH P-20;8;7B;01;06;3138;17000;
69;0255;DULUTH P-21;8;7B;03;06;3138;17000;
69;0260;DULUTH P-22;8;7B;01;06;3138;17000;
69;0265;DULUTH P-23;8;3B;01;06;3138;17000;
69;0270;DULUTH P-24;8;7B;03;06;3138;17000;
69;0275;DULUTH P-25;8;7B;03;06;3138;17000;
69;0280;DULUTH P-26;8;7B;03;06;3138;17000;
69;0285;DULUTH P-27;8;7B;03;06;3138;17000;
69;0290;DULUTH P-28;8;7B;03;06;3138;17000;
69;0295;DULUTH P-29;8;7B;03;06;3138;17000;
69;0300;DULUTH P-30;8;7B;03;06;3138;17000;
69;0305;DULUTH P-31;8;7B;03;06;3138;17000;
69;0315;DULUTH P-32;8;7B;03;06;3138;17000;
69;0320;DULUTH P-33;8;7B;03;06;3138;17000;
69;0325;DULUTH P-34;8;7B;03;06;3138;17000;
69;1130;AURORA P-1;8;6B;04;06;3137;02872;
69;1135;WHITE TWP. P-2;8;6B;04;06;3137;69898;
69;1136;WHITE TWP. P-3;8;6B;04;06;3137;69898;
69;8200;ISD NO. 698 FLOODWOOD;;;;;;;0698
69;9352;ISD #709 - LAKEWOOD TOWN HALL;;;;;;;0709
69;9372;ISD #709 - GNESEN COMMUNITY CENTER;;;;;;;0709
69;9373;ISD #709 - NORMANNA TOWN HALL;;;;;;;0709
69;9374;ISD #709 - NORTH STAR TOWN HALL;;;;;;;0709
69;9375;ISD #709 - RICE LAKE CITY HALL;;;;;;;0709
69;9843;ROCK RIDGE ISD #2909 - COMBO #1;;;;;;;2909
69;9844;ROCK RIDGE ISD #2909 - COMBO #2;;;;;;;2909
69;9845;ROCK RIDGE ISD #2909 - COMBO #3;;;;;;;2909
69;9846;ROCK RIDGE ISD #2909 - COMBO #4;;;;;;;2909
69;9847;ROCK RIDGE ISD #2909 - COMBO #5;;;;;;;2909
70;9019;ISD 194 P18 CREDIT RIVER AND SPRING LAKE TWP;;;;;;;0194
70;9020;ISD 194 P20 ELKO NEW MARKET CITY HALL;;;;;;;0194
70;9446;ISD 194 P19 NEW MARKET AREA HALL;;;;;;;0194
70;9481;ISD 271 - BLOOMINGTON - SAVAGE P-1;;;;;;;0271
70;9492;ISD 191 HARRIET BISHOP ELEMENTARY;;;;;;;0191
70;9493;ISD 191 GLENDALE UNITED METHODIST CHURCH;;;;;;;0191
70;9510;ISD NO. 720 SHAKOPEE;;;;;;;0720
70;9639;ISD 719 PL P1-PRIOR LAKE CITY HALL;;;;;;;0719
70;9640;ISD 719 PL P2-ST PAUL'S LUTHERAN CHURCH;;;;;;;0719
70;9641;ISD 719 PL P3-PRIOR LAKE FIRE STATION #1;;;;;;;0719
70;9642;ISD 719 PL P4-CHURCH OF ST MICHAEL;;;;;;;0719
70;9643;ISD 719 PL P7-SHEPHERD OF THE LAKE LUTHERAN CHURCH;;;;;;;0719
70;9644;ISD 719 SAV P3-SAVAGE CITY HALL;;;;;;;0719
70;9645;ISD 719 SAV P5-MCCOLL POND ELC;;;;;;;0719
70;9646;ISD 719 SAV P6-BETHESDA CHURCH;;;;;;;0719
70;9647;ISD 719 SAV P7-BRIDGEWOOD CHURCH;;;;;;;0719
70;9648;ISD 719 SAV P8-O'CONNELL FIRE STATION;;;;;;;0719
70;9649;ISD 719 CREDIT RIVER;;;;;;;0719
70;9650;ISD 719 PL P6B-LIVING HOPE LUTHERAN CHURCH;;;;;;;0719
70;9651;ISD 719 PL P5-PRIOR LAKE FIRE STATION #2;;;;;;;0719
70;9652;ISD 719 SAV P9-REDTAIL RIDGE ELEMENTARY SCHOOL;;;;;;;0719
"70;9653;ISD 719 SPRING LAKE, SAND CREEK, CEDAR LAKE TOWNSH;;;;;;;0719"
70;9654;ISD 719 PL P6A-HOLY CROSS CHURCH;;;;;;;0719
71;8829;ISD NO. 726 BECKER;;;;;;;0726
73;8858;ISD 738 - HOLDINGFORD CITY HALL;;;;;;;0738
73;8869;741-73 COMBINED POLLING PLACE/PAYNESVILLE;;;;;;;0741
75;8449;ISD 264 - HERMAN-NORCROSS SCHOOL;;;;;;;0264
76;0015;BENSON P-1;7;17A;02;08;2151;05212;
76;0020;BENSON P-2;7;17A;03;08;2151;05212;
77;8592;ISD #2753 - LONG PRAIRIE CITY HALL;;;;;;;2753
77;8871;ISD #2753 GREY EAGLE CITY HALL;;;;;;;2753
78;9333;ISD NO. 803 WHEATON AREA;;;;;;;0803
78;9337;ISD 264 - HERMAN-NORCROSS SCHOOL;;;;;;;0264
82;0040;COTTAGE GROVE P-01;2;54A;04;10;4166;13456;
82;0045;COTTAGE GROVE P-02;2;54A;04;10;4166;13456;
82;0050;COTTAGE GROVE P-03;2;54B;04;10;4166;13456;
82;0055;COTTAGE GROVE P-04;2;54A;04;10;4166;13456;
82;0060;COTTAGE GROVE P-05;2;54B;04;10;4166;13456;
82;0065;COTTAGE GROVE P-06;2;54B;04;10;4166;13456;
82;0070;COTTAGE GROVE P-07;2;54A;04;10;4166;13456;
82;0200;MAHTOMEDI P-1;4;43A;01;10;4163;39428;
82;0205;MAHTOMEDI P-2;4;43A;02;10;4164;39428;
82;0285;ST. PAUL PARK P-1;2;54A;04;10;4166;58018;
82;0290;ST. PAUL PARK P-2;4;54A;04;10;4166;58018;
82;0295;ST. PAUL PARK P-3;2;54A;04;10;4166;58018;
82;0300;ST. PAUL PARK P-4;2;54A;04;10;4166;58018;
82;0365;WHITE BEAR LAKE W-4 P-2;4;43A;02;10;4164;69970;
82;8137;ISD 624 - BIRCHWOOD;;;;;;;0624
82;8138;ISD 624 - HUGO W1 P-1;;;;;;;0624
82;8141;ISD 833 GREY CLOUD ISLAND;;;;;;;0833
82;8143;ISD 833 DENMARK TOWNSHIP;;;;;;;0833
82;8144;ISD 834 AFTON/DENMARK;;;;;;;0834
"82;8145;ISD 834 LAKELAND-LAKE ST. CROIX BEACH,LAKELAND SHO;;;;;;;0834"
82;8146;ISD 834 STILLWATER W1 P-1;;;;;;;0834
82;8147;ISD 834 STILLWATER W1 P-2;;;;;;;0834
82;8148;ISD 834 STILLWATER W2 P-3;;;;;;;0834
82;8149;ISD 834 STILLWATER W4 P-8;;;;;;;0834
82;8150;ISD 834 STILLWATER TOWNSHIP;;;;;;;0834
82;8151;ISD 834 WEST LAKELAND TOWNSHIP;;;;;;;0834
82;8152;ISD 834 MARINE;;;;;;;0834
82;8153;ISD 834 MAY TOWNSHIP & SCANDIA;;;;;;;0834
82;8154;ISD 834 OAK PARK HEIGHTS;;;;;;;0834
82;8155;ISD 834 BAYPORT;;;;;;;0834
82;8156;ISD 834 BAYTOWN;;;;;;;0834
82;8157;ISD 834 GRANT;;;;;;;0834
82;8158;ISD 834 HUGO W3 P3A & P3B;;;;;;;0834
82;8159;ISD 834 LAKE ELMO P-1 & P-2;;;;;;;0834
82;8160;ISD 622 - LAKE ELMO P-1 & P2;;;;;;;0622
82;8161;ISD 622 - OAKDALE P-1 7 LANDFALL;;;;;;;0622
82;8162;ISD 622 - OAKDALE P-3;;;;;;;0622
82;8163;ISD 622 - OAKDALE P-4;;;;;;;0622
82;8164;ISD 622 - OAKDALE P-5;;;;;;;0622
82;8165;ISD 622 - OAKDALE P-6;;;;;;;0622
82;8166;ISD 622 - OAKDALE P-7;;;;;;;0622
82;8167;ISD 622 - OAKDALE P-8 & PINE SPRINGS;;;;;;;0622
82;8187;ISD 833 PRECINCT 01 WOODBURY P1 & P2 & P3;;;;;;;0833
"82;8188;ISD 833 PRECINCT 02 WOODBURY P4, P5, P6;;;;;;;0833"
"82;8189;ISD 833 PRECINCT 03 WOODBURY P7, P8, P10, P11;;;;;;;0833"
82;8190;ISD 833 PRECINCT 04 WOODBURY P12 & P13A & AFTON W2;;;;;;;0833
82;8191;ISD 833 PRECINCT 07 NEWPORT;;;;;;;0833
82;8997;ISD 624 - HUGO W2 P2B;;;;;;;0624
82;8999;ISD 834 STILLWATER W4 P-7;;;;;;;0834
82;9261;ISD NO. 832 MAHTOMEDI - WASHINGTON;;;;;;;0832
82;9268;ISD 622 - OAKDALE P-2;;;;;;;0622
82;9355;ISD 834 STILLWATER W2 P-4;;;;;;;0834
82;9356;ISD 834 STILLWATER W3 P-5;;;;;;;0834
"82;9385;ISD 833 PRECINCT 05 WOODBURY P14, P15, P16;;;;;;;0833"
82;9419;ISD 624 - HUGO W3 P3A;;;;;;;0624
82;9495;ISD 834 WOODBURY P7 & P8 & P9A;;;;;;;0834
"82;9516;ISD 622 WOODBURY P1, P2, P7, P8;;;;;;;0622"
82;9605;ISD 200 P5;;;;;;;0200
84;9079;ISD #846 BRECKENRIDGE HIGH SCHOOL;;;;;;;0846
85;9295;ISD 858 - ST CHARLES CITY HALL;;;;;;;0858
85;9777;ISD #858 UTICA CITY HALL;;;;;;;0858
85;9779;ISD 858 - ELBA COMMUNITY CENTER;;;;;;;0858
86;8659;ISD 885 STMA MIDDLE SCHOOL WEST;;;;;;;0885
86;8824;ISD 882 MONTICELLO MIDDLE SCHOOL;;;;;;;0882
86;9113;ISD 879 DELANO MIDDLE SCHOOL;;;;;;;0879
86;9264;ISD 876 - ANNANDALE CITY HALL;;;;;;;0876